Commune,Etage,Superficie,Piece,Electricite,Gaz,Eau,Acte notarie,Jardin,Livret foncier,Meuble,Garage,Prix
1,1.0,144,4.0,1,1,1,1,0,0,0,0,2300.0
1,4.0,70,3.0,0,0,0,0,0,0,0,0,1500.0
1,2.0,78,3.0,0,0,0,0,0,0,0,0,1300.0
1,5.0,76,3.0,1,1,1,1,0,1,0,0,1100.0
1,2.0,180,5.0,1,1,1,1,0,1,0,0,1650.0
1,2.0,75,3.0,1,1,1,1,0,0,0,0,1250.0
1,3.0,180,6.0,1,1,0,0,0,0,0,1,1400.0
1,3.0,76,3.0,1,1,1,1,0,1,0,0,1500.0
1,3.0,70,3.0,1,1,1,1,0,0,0,0,1800.0
1,7.0,75,3.0,1,1,1,1,0,0,0,0,1650.0
1,7.0,85,4.0,1,1,1,1,0,0,0,0,1500.0
1,2.0,90,4.0,1,1,1,0,0,0,0,0,1550.0
1,5.0,84,3.0,1,1,1,0,0,0,0,0,1200.0
1,3.0,75,3.0,1,1,1,1,0,1,0,0,1300.0
1,7.0,75,3.0,1,1,1,1,0,0,0,0,1560.0
1,1.0,91,3.0,1,1,1,1,0,0,0,0,1250.0
1,2.0,85,4.0,1,1,1,1,0,1,0,0,1550.0
1,1.0,100,4.0,0,1,1,0,1,0,0,0,2000.0
1,5.0,97,3.0,1,1,1,0,0,0,0,0,1300.0
1,1.0,92,3.0,0,1,0,1,0,0,0,0,1500.0
1,3.0,80,4.0,1,1,1,1,0,0,0,0,1300.0
1,8.0,84,3.0,1,1,1,1,0,0,0,0,1200.0
1,2.0,66,3.0,1,1,1,1,0,0,1,0,1500.0
1,4.0,80,3.0,1,1,1,0,0,0,0,0,1500.0
1,8.0,77,3.0,1,1,1,0,0,0,0,0,1150.0
1,1.0,85,3.0,1,1,1,0,0,1,0,1,1850.0
1,4.0,90,3.0,0,0,0,1,0,1,0,0,1500.0
1,3.0,74,3.0,1,1,1,1,0,0,1,0,1450.0
1,3.0,168,5.0,1,1,1,1,0,1,0,1,1400.0
1,1.0,103,5.0,1,1,1,1,0,1,0,0,1200.0
1,4.0,85,3.0,1,1,1,0,0,0,0,0,1600.0
1,1.0,85,3.0,1,1,1,0,1,0,0,0,1400.0
1,5.0,72,3.0,1,1,1,1,0,1,0,0,1350.0
1,4.0,80,3.0,1,1,1,1,0,0,0,1,1300.0
1,3.0,70,3.0,1,1,1,1,0,1,0,0,1300.0
1,8.0,73,3.0,1,1,1,1,0,0,0,0,1700.0
1,6.0,72,3.0,0,0,0,1,0,0,1,0,1100.0
1,1.0,94,3.0,1,1,1,0,1,0,0,0,1550.0
1,1.0,72,3.0,0,0,0,1,0,1,0,0,1650.0
1,3.0,100,3.0,1,1,1,1,0,1,0,1,1400.0
1,2.0,81,3.0,1,1,1,1,0,0,0,0,1200.0
1,7.0,75,3.0,1,1,1,1,0,1,0,0,1800.0
1,2.0,85,3.0,1,1,1,0,1,0,0,0,1250.0
1,2.0,90,4.0,1,1,1,1,0,1,0,0,1700.0
1,5.0,78,3.0,1,1,1,1,0,1,0,0,1350.0
1,1.0,75,3.0,1,1,1,0,0,0,0,0,1200.0
1,5.0,87,3.0,1,1,1,1,0,1,0,0,1600.0
1,1.0,82,3.0,1,1,1,1,0,0,0,0,1350.0
1,12.0,102,4.0,1,1,1,1,0,0,0,0,1300.0
1,4.0,75,3.0,1,1,1,1,0,0,0,0,1400.0
1,3.0,100,4.0,1,1,1,0,0,0,1,0,1250.0
1,4.0,65,3.0,1,1,1,1,0,0,0,0,1500.0
1,12.0,90,4.0,1,1,1,0,0,0,0,0,1550.0
1,1.0,85,3.0,1,1,1,1,0,1,0,1,1500.0
1,7.0,100,4.0,1,1,1,1,0,1,0,0,1500.0
1,1.0,152,5.0,1,1,1,0,0,0,0,1,2000.0
1,1.0,100,4.0,1,1,1,1,0,0,0,0,1800.0
1,1.0,75,3.0,1,1,1,0,0,0,0,0,1300.0
1,3.0,140,6.0,0,0,0,0,0,0,0,0,1600.0
1,2.0,110,3.0,1,1,1,1,0,1,0,1,1400.0
1,2.0,70,3.0,1,1,1,1,0,0,0,0,1730.0
1,1.0,140,5.0,1,1,0,0,0,0,0,0,2800.0
1,5.0,72,3.0,1,1,1,1,0,0,0,0,1500.0
1,5.0,70,3.0,1,1,1,1,0,1,0,0,1600.0
1,3.0,91,4.0,1,1,1,1,0,1,0,0,1300.0
1,6.0,80,3.0,1,1,1,1,0,0,1,0,1400.0
1,1.0,110,4.0,1,1,1,1,1,1,0,1,1400.0
1,1.0,64,3.0,1,1,1,1,0,1,0,0,1600.0
1,5.0,87,4.0,1,1,1,0,1,0,0,0,1800.0
1,3.0,75,3.0,1,1,1,1,0,0,0,0,1550.0
1,2.0,78,3.0,1,1,1,1,0,1,0,0,1400.0
1,2.0,152,5.0,1,1,1,0,0,0,0,1,1500.0
1,5.0,70,3.0,1,1,1,1,0,0,0,0,1350.0
1,1.0,75,3.0,1,1,1,1,0,1,0,0,1650.0
1,1.0,170,5.0,1,1,1,1,0,0,0,0,1800.0
1,1.0,95,4.0,1,1,1,0,0,0,0,0,1700.0
1,3.0,170,4.0,1,1,1,0,0,0,0,0,2000.0
1,8.0,95,4.0,1,1,1,1,0,0,0,0,1200.0
1,1.0,170,4.0,1,1,1,1,0,1,0,1,1400.0
1,4.0,140,5.0,1,1,1,1,0,0,0,0,1800.0
1,2.0,90,4.0,1,1,1,1,0,1,0,0,1600.0
1,1.0,80,3.0,1,1,1,0,0,0,0,0,1500.0
1,1.0,122,3.0,1,1,1,0,0,0,0,1,1750.0
1,3.0,76,3.0,1,1,1,0,0,0,1,0,1400.0
1,4.0,75,3.0,1,1,1,0,0,0,1,0,1600.0
1,3.0,165,5.0,1,1,1,0,0,0,0,0,1900.0
1,2.0,85,3.0,1,1,1,0,0,0,1,0,1800.0
1,3.0,160,4.0,0,0,0,1,0,1,0,1,1350.0
1,2.0,120,5.0,1,1,1,0,0,0,0,0,1000.0
1,4.0,104,3.0,1,1,1,1,0,1,0,0,1720.0
1,1.0,91,3.0,1,1,1,0,0,0,0,0,1650.0
1,4.0,112,5.0,1,1,0,1,0,1,0,0,1600.0
1,5.0,75,3.0,1,1,1,0,0,1,1,0,1550.0
1,4.0,95,4.0,1,1,1,1,0,1,0,0,1500.0
1,3.0,77,4.0,0,0,0,0,0,0,0,0,1500.0
1,3.0,72,3.0,0,0,0,0,0,0,0,0,1000.0
1,1.0,152,5.0,1,1,1,0,0,0,0,1,1300.0
1,1.0,75,3.0,1,0,1,0,0,0,0,0,1500.0
1,1.0,85,4.0,1,1,1,0,0,0,0,0,2142.0
1,5.0,78,4.0,1,1,1,0,0,0,0,1,1500.0
1,3.0,85,4.0,1,1,1,0,0,0,0,0,1400.0
1,3.0,85,4.0,1,1,1,0,0,0,0,0,1800.0
1,2.0,88,4.0,1,1,1,0,0,0,0,0,1700.0
1,3.0,65,3.0,1,1,1,0,0,0,0,0,1500.0
1,6.0,90,4.0,1,1,1,0,0,0,0,0,1500.0
1,2.0,75,4.0,0,0,0,0,0,0,0,0,1250.0
1,2.0,85,4.0,1,1,1,0,0,0,0,0,2300.0
1,5.0,92,3.0,1,1,1,0,0,0,0,1,1350.0
1,2.0,83,4.0,1,1,1,1,0,0,0,0,1250.0
2,11.0,80,3.0,0,0,0,0,0,0,0,0,1300.0
2,3.0,128,3.0,1,1,1,0,0,0,0,1,1600.0
2,4.0,82,3.0,1,1,1,1,0,0,0,0,1400.0
2,5.0,125,5.0,1,0,1,1,0,0,1,0,1900.0
2,2.0,78,4.0,1,1,1,1,0,1,0,0,1150.0
2,1.0,90,4.0,1,1,1,0,0,0,0,0,1500.0
2,3.0,118,5.0,1,1,1,0,0,0,0,0,1400.0
2,3.0,83,4.0,1,1,1,0,0,0,0,0,1500.0
2,3.0,75,3.0,1,1,1,1,0,0,0,0,1600.0
2,4.0,88,3.0,1,1,1,1,0,1,0,1,1650.0
2,3.0,120,5.0,1,1,1,0,0,0,0,0,1650.0
2,2.0,75,3.0,1,1,1,1,0,0,0,0,1000.0
2,3.0,93,3.0,1,1,1,0,1,0,0,0,1300.0
2,1.0,100,4.0,1,1,1,0,0,0,0,1,1450.0
2,3.0,85,3.0,0,0,0,1,0,1,0,0,1450.0
2,1.0,100,4.0,1,1,1,1,1,0,1,0,1600.0
2,1.0,100,4.0,1,1,1,0,0,0,0,0,1450.0
2,5.0,85,4.0,1,1,1,1,0,1,0,0,1300.0
2,2.0,75,3.0,1,1,1,1,0,1,0,0,1400.0
2,9.0,80,3.0,1,1,1,0,0,0,0,0,1200.0
2,4.0,72,3.0,1,1,1,1,0,0,0,0,1350.0
2,3.0,80,3.0,1,1,1,0,0,0,0,0,1500.0
2,7.0,110,3.0,1,1,1,1,1,1,0,1,1700.0
2,6.0,116,4.0,1,1,1,1,1,1,0,1,1200.0
2,1.0,73,3.0,1,1,1,0,1,0,0,0,1700.0
2,6.0,117,4.0,1,1,1,1,1,1,0,1,1300.0
2,6.0,126,4.0,1,1,1,1,1,1,0,1,1700.0
2,6.0,145,4.0,1,1,1,1,1,1,0,1,1500.0
2,5.0,76,3.0,1,1,1,1,0,0,0,0,1300.0
2,6.0,94,3.0,1,1,1,1,0,1,0,0,1500.0
2,1.0,95,4.0,1,1,1,1,0,1,0,0,1800.0
2,3.0,80,3.0,1,1,1,1,0,1,0,0,1250.0
2,2.0,82,3.0,0,0,0,0,0,0,0,0,1750.0
2,1.0,83,3.0,1,1,1,1,0,1,0,0,1000.0
2,5.0,73,3.0,0,0,0,0,0,0,0,0,1430.0
2,1.0,80,4.0,1,1,1,1,0,1,0,0,1650.0
2,3.0,125,5.0,1,1,1,1,0,1,0,0,1400.0
2,2.0,120,4.0,1,1,1,1,0,0,1,0,1650.0
2,1.0,90,3.0,1,1,1,1,0,1,0,0,1800.0
2,2.0,78,3.0,1,1,1,1,0,1,0,0,1300.0
2,2.0,85,4.0,1,1,1,0,1,0,0,0,1700.0
2,12.0,88,4.0,1,1,1,1,0,1,0,0,1850.0
2,4.0,90,4.0,1,1,1,0,0,0,0,0,1450.0
2,3.0,120,5.0,1,1,1,1,0,0,0,0,1200.0
2,11.0,85,3.0,0,0,0,1,0,0,0,0,1300.0
2,1.0,82,4.0,1,1,1,0,0,0,0,0,1450.0
2,1.0,105,4.0,1,1,1,0,0,0,0,0,1220.0
2,4.0,45,3.0,1,1,1,1,0,0,0,0,1800.0
2,3.0,74,3.0,1,1,1,0,0,0,0,0,1700.0
2,1.0,98,5.0,1,1,1,1,1,1,0,0,1650.0
2,1.0,116,4.0,1,1,1,1,0,1,0,1,2260.0
2,4.0,68,2.0,1,1,1,0,0,0,0,0,1240.0
2,3.0,75,3.0,1,1,1,1,0,1,0,0,1800.0
2,2.0,73,3.0,0,0,0,1,0,0,0,0,1350.0
2,4.0,106,5.0,1,1,1,0,0,0,0,0,2000.0
2,5.0,78,3.0,1,1,1,0,0,0,0,0,1600.0
2,3.0,110,5.0,0,0,0,0,0,0,0,0,1300.0
2,4.0,87,3.0,1,1,1,1,0,1,0,0,1300.0
2,2.0,125,3.0,1,1,1,0,0,0,0,0,1600.0
2,3.0,80,3.0,1,1,1,1,0,1,0,1,1665.0
2,3.0,85,5.0,1,1,1,0,0,0,0,0,1100.0
2,5.0,88,4.0,1,1,1,1,0,0,0,0,1300.0
2,2.0,88,4.0,1,1,1,0,0,0,0,0,1600.0
2,4.0,71,3.0,1,1,1,0,0,0,0,0,1500.0
2,1.0,68,3.0,1,1,1,0,0,0,0,0,1320.0
2,3.0,84,4.0,1,1,1,1,0,1,0,0,1400.0
2,2.0,75,3.0,1,1,1,1,0,0,0,0,1600.0
2,3.0,96,4.0,1,1,1,1,0,0,0,0,2000.0
2,5.0,78,4.0,1,1,1,0,0,0,1,0,2000.0
2,4.0,75,3.0,1,1,1,1,0,0,0,0,1500.0
2,4.0,90,3.0,1,1,1,0,1,0,0,0,1300.0
2,1.0,65,2.0,1,1,1,0,0,0,0,0,1200.0
2,1.0,73,3.0,1,1,1,0,0,0,0,0,1850.0
2,6.0,75,3.0,1,1,1,0,0,0,0,0,1700.0
2,4.0,83,3.0,1,1,1,1,0,0,0,0,1400.0
2,8.0,85,4.0,1,1,1,1,0,1,0,0,1700.0
2,5.0,105,4.0,1,1,1,1,0,1,0,1,1400.0
2,3.0,75,3.0,1,1,1,1,0,0,0,0,1200.0
2,3.0,71,3.0,1,1,1,0,0,1,0,0,1800.0
2,3.0,75,3.0,0,0,0,1,0,1,0,0,1100.0
2,1.0,76,3.0,0,0,0,0,0,0,0,0,1600.0
2,1.0,73,3.0,1,1,1,0,0,0,0,1,1200.0
2,2.0,75,3.0,1,1,1,0,1,0,0,0,1850.0
2,9.0,120,4.0,1,1,1,1,0,0,0,0,2000.0
2,4.0,74,3.0,0,0,0,0,0,0,0,0,1400.0
2,1.0,72,3.0,1,1,1,0,0,1,0,0,1200.0
2,1.0,110,4.0,1,1,1,0,0,0,0,0,1200.0
2,4.0,71,3.0,0,0,0,0,0,0,0,0,1300.0
2,3.0,98,5.0,0,0,0,0,0,0,0,0,1300.0
2,1.0,74,3.0,1,1,1,1,0,1,0,0,1100.0
2,2.0,85,3.0,1,1,1,1,0,1,0,0,1350.0
2,1.0,82,3.0,1,1,1,1,0,0,0,0,1300.0
2,1.0,75,3.0,0,0,0,0,0,0,0,0,1200.0
2,6.0,84,3.0,0,0,0,0,0,0,0,0,1720.0
2,3.0,75,4.0,0,0,0,0,0,0,0,0,1500.0
2,3.0,85,4.0,1,1,1,0,0,0,1,0,1500.0
2,1.0,73,3.0,1,1,1,1,0,0,0,0,1300.0
2,3.0,85,4.0,0,0,0,0,0,0,0,0,1700.0
2,3.0,95,4.0,1,1,1,1,1,1,0,0,2100.0
2,3.0,70,3.0,1,1,1,1,0,0,0,0,1550.0
2,1.0,90,4.0,1,1,1,0,0,0,0,0,1200.0
2,1.0,75,3.0,1,1,1,1,0,0,0,0,1200.0
2,5.0,82,4.0,1,1,1,1,0,0,0,0,1300.0
2,4.0,75,4.0,0,0,0,0,0,0,0,0,1800.0
2,1.0,75,3.0,0,0,0,1,0,1,0,0,1850.0
2,3.0,74,3.0,1,1,1,0,0,0,0,0,1300.0
2,2.0,109,4.0,1,0,1,0,0,0,0,1,1600.0
2,1.0,111,4.0,1,1,1,1,0,1,0,0,1800.0
2,2.0,74,3.0,1,1,1,1,0,0,0,0,1800.0
2,1.0,75,3.0,0,0,0,0,0,0,0,0,1800.0
2,11.0,80,3.0,0,0,0,1,0,0,0,0,1750.0
2,4.0,85,4.0,1,1,1,0,0,0,0,0,1300.0
2,3.0,113,4.0,1,1,0,1,0,0,0,0,1200.0
2,1.0,72,3.0,0,0,0,0,0,0,0,0,1200.0
2,5.0,110,5.0,1,1,1,0,0,0,0,0,1800.0
2,5.0,88,4.0,1,1,1,1,0,0,0,0,1300.0
2,1.0,110,4.0,1,1,1,1,0,1,0,0,1700.0
2,4.0,105,4.0,1,1,1,1,0,1,0,0,1350.0
2,3.0,72,3.0,0,0,0,0,0,0,0,0,1650.0
2,3.0,75,4.0,1,1,1,0,0,0,0,0,1050.0
2,1.0,100,4.0,1,1,1,1,0,0,1,0,1800.0
2,3.0,72,3.0,0,0,0,0,0,0,0,0,1650.0
2,3.0,72,3.0,1,1,1,0,0,0,0,0,1350.0
2,1.0,99,4.0,1,1,1,0,1,0,0,0,1250.0
2,1.0,86,3.0,1,1,1,0,0,0,0,0,1250.0
2,1.0,75,3.0,1,1,1,0,0,0,0,0,1500.0
2,3.0,73,3.0,1,1,1,0,0,0,0,0,1700.0
2,1.0,120,5.0,0,0,0,0,0,0,0,0,1800.0
2,3.0,69,3.0,1,1,1,0,0,0,0,0,1600.0
2,5.0,110,4.0,0,0,0,0,0,0,0,0,1900.0
2,2.0,110,4.0,1,1,1,0,0,0,0,1,2000.0
2,4.0,75,4.0,1,1,1,0,0,0,0,0,2100.0
2,5.0,80,3.0,1,1,0,0,0,0,0,0,1400.0
2,3.0,74,3.0,1,1,1,0,0,0,0,0,1200.0
2,1.0,100,5.0,1,1,1,0,0,0,0,0,2800.0
2,2.0,72,3.0,1,1,1,0,0,0,0,0,1070.0
2,2.0,71,3.0,0,0,0,0,0,0,0,0,1100.0
2,2.0,72,3.0,1,1,1,0,0,0,0,0,1600.0
2,10.0,75,3.0,1,1,0,0,0,0,0,0,1700.0
2,1.0,85,4.0,0,0,0,0,0,0,0,0,1350.0
2,1.0,90,4.0,1,1,1,0,0,0,0,0,2000.0
2,1.0,99,5.0,1,1,1,1,0,0,0,0,1200.0
2,1.0,71,4.0,0,0,0,0,0,0,0,0,1500.0
2,3.0,74,3.0,1,1,1,0,0,0,0,0,1400.0
2,4.0,72,3.0,1,1,0,0,0,0,0,0,1100.0
2,5.0,117,4.0,1,1,1,0,0,0,0,0,1500.0
2,3.0,74,3.0,1,1,1,0,0,0,0,0,1300.0
2,2.0,75,3.0,1,1,1,0,0,0,0,0,1000.0
2,4.0,80,3.0,1,1,1,0,0,0,0,0,1450.0
3,1.0,75,4.0,1,1,1,1,0,0,0,0,1950.0
3,1.0,100,3.0,1,1,1,0,1,0,0,0,1800.0
3,1.0,78,3.0,1,1,1,1,0,1,0,0,1700.0
3,3.0,86,3.0,1,1,1,0,0,0,0,1,1200.0
3,3.0,102,3.0,1,1,1,0,0,0,0,0,1250.0
3,3.0,90,4.0,1,1,1,1,0,0,0,0,1000.0
3,1.0,73,3.0,1,1,1,1,0,0,0,0,1350.0
3,1.0,93,4.0,1,1,1,0,0,0,0,0,1700.0
3,4.0,125,5.0,1,1,1,1,1,0,0,0,1500.0
3,2.0,138,4.0,1,1,1,1,0,0,0,1,2400.0
3,3.0,140,5.0,1,1,1,1,0,0,0,0,1300.0
3,3.0,120,5.0,1,1,1,0,0,0,0,0,1700.0
3,3.0,80,3.0,1,1,1,0,1,0,0,1,1000.0
3,3.0,70,3.0,1,1,1,1,0,1,0,0,1500.0
3,2.0,120,4.0,1,1,0,0,1,0,0,0,2000.0
3,3.0,74,3.0,1,1,1,1,0,0,0,1,1000.0
3,1.0,70,3.0,1,1,1,0,0,0,0,0,1300.0
3,1.0,98,4.0,1,1,1,1,0,0,0,0,2000.0
3,3.0,150,5.0,0,0,0,0,0,0,0,0,1050.0
3,5.0,85,4.0,1,1,1,1,0,0,0,0,2350.0
3,1.0,70,3.0,1,1,1,0,0,0,0,0,1500.0
3,8.0,75,3.0,1,1,1,1,0,0,0,0,1100.0
3,5.0,90,3.0,1,1,1,0,0,0,0,0,1300.0
3,2.0,125,4.0,1,1,1,0,1,0,0,0,1900.0
4,4.0,80,3.0,1,1,1,1,0,1,0,0,1300.0
4,1.0,90,4.0,1,1,1,1,0,1,0,0,1700.0
4,5.0,100,4.0,0,0,0,0,0,0,0,0,2000.0
4,3.0,105,5.0,0,0,0,1,0,0,0,0,2800.0
4,4.0,90,4.0,1,1,1,1,0,0,0,0,1440.0
4,3.0,140,5.0,1,1,1,0,0,0,0,0,1650.0
4,5.0,120,5.0,1,1,1,1,0,0,1,0,2300.0
4,4.0,90,3.0,1,1,1,1,0,0,0,0,1200.0
4,4.0,66,2.0,1,0,1,0,0,0,0,0,1050.0
4,4.0,82,3.0,1,1,1,1,0,1,0,0,1500.0
4,5.0,100,4.0,1,1,1,0,0,0,0,0,1900.0
4,3.0,76,3.0,1,1,1,1,0,0,0,0,1800.0
4,2.0,73,3.0,1,1,1,1,0,1,0,0,1800.0
4,5.0,75,3.0,1,1,1,1,0,1,0,0,1500.0
4,4.0,140,6.0,1,1,1,1,0,0,0,0,2000.0
4,2.0,120,5.0,1,1,1,1,0,1,0,0,1300.0
4,6.0,171,6.0,1,1,1,0,0,1,0,0,2500.0
4,3.0,140,5.0,0,0,0,0,0,0,0,0,1200.0
4,5.0,72,4.0,1,1,1,1,0,0,0,0,1150.0
4,6.0,215,5.0,1,1,1,1,0,1,1,1,1700.0
4,1.0,117,6.0,1,1,1,0,0,0,0,0,1950.0
4,4.0,60,3.0,1,1,1,0,0,0,0,0,1600.0
4,1.0,60,3.0,1,1,1,1,0,0,0,0,1750.0
4,1.0,110,4.0,1,1,1,1,0,0,0,0,2200.0
4,1.0,110,4.0,1,1,1,1,0,1,0,0,1900.0
4,6.0,90,3.0,0,0,0,0,0,0,0,0,1800.0
4,3.0,122,3.0,1,1,1,1,0,0,0,0,1200.0
4,13.0,62,3.0,1,1,1,1,0,1,0,0,1000.0
4,3.0,120,5.0,0,0,0,0,0,0,0,0,1800.0
4,2.0,73,3.0,1,1,1,1,0,1,0,0,1300.0
4,6.0,94,4.0,1,1,1,1,0,1,0,0,2000.0
4,7.0,90,4.0,1,1,1,1,0,1,0,0,1400.0
4,5.0,140,5.0,1,1,1,1,0,1,0,0,2200.0
4,8.0,170,5.0,1,1,1,1,0,1,0,0,1000.0
4,5.0,92,4.0,1,1,1,1,0,1,0,0,1700.0
4,2.0,115,5.0,1,1,1,1,0,1,0,0,2500.0
4,2.0,140,5.0,0,0,0,0,0,0,0,0,1600.0
4,2.0,100,4.0,1,1,1,1,0,1,0,0,2300.0
4,9.0,120,4.0,1,1,1,1,0,1,0,0,1260.0
4,2.0,140,5.0,1,1,1,1,0,1,0,0,1900.0
4,3.0,87,4.0,1,1,1,1,0,0,0,0,1800.0
4,4.0,85,3.0,1,1,1,1,0,1,0,0,1350.0
4,1.0,80,4.0,1,1,1,1,0,1,0,0,1500.0
4,6.0,181,5.0,1,1,1,1,0,0,0,0,2800.0
4,6.0,120,4.0,1,1,1,1,0,1,0,0,2300.0
4,3.0,100,4.0,1,1,1,1,0,1,0,0,1500.0
4,3.0,200,5.0,1,1,1,1,0,0,1,0,3000.0
4,1.0,74,4.0,1,1,1,0,0,0,0,0,1900.0
4,3.0,120,2.0,1,1,1,1,0,1,0,0,1250.0
4,2.0,90,3.0,1,1,1,1,0,0,0,0,1100.0
4,3.0,133,7.0,1,1,1,1,0,0,0,0,2800.0
4,3.0,82,4.0,1,1,1,1,1,1,1,0,1600.0
4,3.0,130,5.0,1,1,1,1,0,1,0,0,2200.0
4,1.0,130,4.0,0,0,0,0,0,0,0,0,1800.0
4,5.0,210,8.0,1,1,1,1,0,1,0,0,2300.0
4,3.0,93,4.0,1,1,1,1,0,0,1,0,1000.0
4,4.0,110,4.0,1,1,1,1,0,1,0,0,1100.0
4,5.0,100,4.0,0,0,0,0,0,0,0,0,1250.0
4,4.0,110,4.0,1,1,1,1,0,1,0,0,1700.0
4,1.0,48,2.0,1,1,1,1,0,1,0,0,1200.0
4,5.0,90,4.0,1,1,1,1,0,0,0,0,1250.0
4,5.0,86,4.0,1,1,1,0,0,0,0,0,1400.0
4,1.0,96,4.0,1,1,1,1,0,1,0,0,1500.0
4,1.0,137,5.0,1,1,1,0,0,0,0,0,1900.0
4,8.0,90,3.0,1,1,1,1,0,1,1,0,1800.0
4,4.0,90,4.0,1,1,1,1,0,1,0,0,2200.0
4,2.0,107,4.0,1,1,1,1,0,1,0,0,1400.0
4,1.0,90,3.0,1,1,1,1,0,1,0,0,1600.0
4,4.0,80,3.0,1,1,1,1,0,1,0,0,1700.0
4,6.0,75,3.0,1,1,1,0,0,1,0,0,1700.0
4,8.0,165,5.0,0,0,0,0,0,0,0,0,2800.0
4,3.0,115,5.0,0,0,0,1,0,0,0,0,1700.0
4,5.0,170,5.0,0,0,0,1,0,1,0,0,1500.0
4,8.0,88,3.0,1,1,1,0,0,0,0,0,1300.0
4,9.0,120,4.0,1,1,1,1,0,1,0,0,1250.0
4,2.0,90,4.0,1,1,1,1,0,1,0,0,1300.0
4,4.0,150,6.0,1,1,1,1,0,1,0,0,2800.0
4,1.0,175,7.0,0,0,0,1,0,1,0,0,2800.0
4,3.0,170,4.0,1,1,1,1,0,0,0,0,2100.0
4,4.0,105,4.0,0,0,0,1,0,0,0,0,1650.0
4,5.0,50,3.0,1,1,1,0,0,0,0,0,1500.0
4,1.0,100,4.0,1,1,1,1,0,1,0,0,1600.0
4,1.0,110,5.0,1,1,1,1,0,1,1,1,2500.0
4,3.0,119,5.0,1,1,1,1,0,1,0,0,1050.0
4,4.0,70,3.0,1,1,1,1,0,0,1,1,1800.0
4,1.0,70,3.0,1,1,1,1,0,0,0,0,1200.0
4,4.0,190,7.0,1,1,1,1,0,1,0,0,1100.0
4,4.0,113,4.0,1,1,1,1,0,1,0,0,1300.0
4,7.0,82,4.0,1,1,1,0,0,0,0,0,1700.0
4,1.0,108,4.0,1,1,1,1,0,0,0,0,1800.0
4,5.0,155,5.0,1,1,1,1,0,0,1,0,2600.0
4,3.0,104,4.0,1,1,1,1,0,1,0,0,2000.0
4,2.0,60,3.0,0,0,0,0,0,0,1,0,1050.0
4,5.0,165,5.0,1,1,1,1,0,1,1,0,2200.0
4,2.0,118,4.0,0,0,0,0,0,0,0,0,1200.0
4,1.0,130,6.0,1,1,1,0,0,0,0,0,1850.0
4,1.0,50,2.0,1,1,1,1,1,1,0,0,1000.0
4,4.0,98,5.0,0,0,0,0,0,0,0,0,1650.0
4,2.0,90,4.0,1,1,1,1,1,0,0,0,1250.0
4,4.0,98,4.0,0,0,0,1,0,1,0,0,1500.0
4,4.0,100,4.0,1,1,1,1,0,1,0,0,2000.0
4,2.0,95,4.0,1,1,1,1,0,1,0,0,1700.0
4,6.0,215,6.0,1,1,1,1,0,1,0,0,1700.0
4,2.0,120,4.0,1,1,1,1,0,1,1,0,1950.0
4,2.0,60,3.0,1,1,1,1,0,1,0,0,1600.0
4,6.0,120,4.0,1,1,1,1,0,1,0,0,1500.0
4,1.0,70,3.0,1,1,1,1,0,0,0,0,1300.0
4,4.0,110,5.0,0,0,0,0,0,0,0,0,1250.0
4,7.0,75,3.0,1,1,1,1,0,1,0,0,1500.0
4,5.0,96,4.0,1,1,1,1,0,0,1,0,1650.0
4,3.0,218,6.0,1,1,1,1,0,1,0,0,1450.0
4,3.0,148,4.0,1,1,1,1,0,1,0,0,1800.0
4,4.0,100,4.0,0,0,0,0,0,0,0,0,1600.0
4,4.0,105,3.0,0,0,0,0,0,0,0,0,1400.0
4,4.0,100,4.0,0,0,0,0,0,0,0,0,2200.0
4,3.0,180,5.0,0,0,0,0,0,0,0,0,1900.0
4,2.0,120,5.0,1,1,1,0,0,0,0,0,2900.0
4,3.0,122,3.0,1,1,1,1,0,0,0,0,1100.0
4,1.0,75,3.0,0,0,0,0,0,0,0,0,1600.0
4,6.0,180,5.0,0,0,0,0,0,0,0,0,1200.0
4,2.0,34,1.0,1,1,1,1,0,1,0,0,2800.0
4,5.0,90,4.0,1,1,1,1,0,0,0,0,2100.0
4,6.0,110,5.0,1,1,1,1,0,1,0,0,1350.0
4,2.0,65,2.0,0,0,0,0,0,0,0,0,1200.0
4,2.0,85,3.0,1,1,1,1,0,1,0,0,1350.0
4,5.0,158,6.0,1,1,1,0,0,0,1,0,1700.0
4,1.0,158,5.0,0,0,0,0,0,0,0,0,1700.0
4,5.0,116,4.0,0,0,0,0,0,0,0,0,1300.0
4,1.0,57,3.0,1,1,1,0,1,0,0,0,1320.0
4,2.0,86,4.0,0,0,0,0,0,0,0,0,2000.0
4,1.0,75,4.0,1,1,1,1,0,1,0,0,1200.0
4,5.0,100,4.0,0,0,0,0,0,0,0,0,1000.0
4,4.0,120,4.0,1,1,1,1,0,0,0,0,2300.0
4,4.0,140,6.0,1,1,1,1,0,1,0,0,2600.0
4,3.0,135,5.0,1,1,1,1,0,1,0,0,2700.0
4,4.0,73,3.0,1,1,1,1,0,0,0,0,1700.0
4,6.0,180,5.0,0,1,1,0,0,1,0,0,2000.0
4,5.0,145,5.0,1,1,1,1,0,1,0,0,1250.0
4,2.0,85,3.0,1,1,1,1,0,1,0,0,1200.0
4,2.0,73,3.0,1,1,1,1,0,0,0,0,1800.0
4,1.0,76,3.0,1,1,1,1,0,1,0,1,1400.0
4,2.0,87,3.0,1,1,1,1,1,1,0,0,1600.0
4,3.0,115,5.0,1,1,1,1,0,1,0,0,1400.0
4,5.0,30,3.0,0,1,1,1,0,1,1,0,1100.0
4,5.0,80,4.0,0,0,0,0,0,0,0,0,2400.0
4,4.0,110,5.0,1,1,1,1,0,0,0,0,1300.0
4,2.0,145,5.0,0,0,0,1,0,0,0,0,1000.0
4,1.0,240,6.0,1,1,1,0,0,0,0,0,1300.0
4,1.0,95,5.0,1,1,1,1,0,1,0,0,2550.0
4,4.0,100,5.0,1,1,1,0,0,0,0,0,3000.0
4,4.0,26,1.0,1,1,1,1,0,1,0,0,2250.0
4,1.0,105,5.0,1,1,1,1,0,1,0,0,1500.0
4,4.0,90,4.0,1,1,1,0,0,0,0,0,1700.0
4,3.0,170,5.0,1,1,1,1,0,0,0,0,2200.0
4,5.0,130,4.0,0,0,0,0,0,0,0,0,1250.0
4,2.0,86,4.0,1,1,1,1,0,1,0,0,2400.0
4,5.0,120,5.0,1,1,1,1,0,1,1,0,1500.0
4,4.0,70,3.0,0,0,0,0,0,0,0,0,1200.0
4,1.0,110,4.0,1,1,1,0,0,0,0,0,1380.0
4,4.0,120,4.0,1,1,1,1,0,1,0,0,2200.0
4,1.0,94,4.0,1,1,1,1,0,1,0,0,2200.0
4,5.0,120,5.0,0,0,0,0,0,0,0,0,2500.0
4,2.0,125,5.0,1,1,1,1,0,1,0,0,2000.0
4,1.0,110,5.0,0,0,0,0,0,0,0,0,1400.0
4,5.0,155,5.0,1,1,1,1,0,0,1,0,2200.0
4,6.0,90,3.0,1,1,1,0,0,0,0,0,1700.0
4,1.0,60,2.0,1,1,1,1,0,1,0,0,1200.0
4,2.0,120,5.0,1,1,1,1,0,1,0,0,1050.0
4,4.0,120,5.0,1,1,1,1,0,1,0,0,1100.0
4,5.0,120,4.0,0,0,0,1,0,0,0,0,1700.0
4,4.0,120,4.0,1,1,1,1,0,1,0,0,1000.0
4,2.0,210,6.0,1,1,1,1,0,0,0,0,1000.0
4,6.0,120,4.0,1,1,1,1,0,1,1,0,1300.0
4,2.0,87,3.0,1,1,1,1,0,1,0,0,1700.0
4,3.0,94,4.0,1,1,1,1,0,1,0,0,1300.0
4,1.0,70,4.0,1,1,1,1,0,0,0,0,1800.0
4,2.0,145,5.0,1,1,1,0,0,0,0,0,1600.0
4,4.0,86,3.0,1,1,1,1,0,0,0,0,1400.0
4,2.0,105,5.0,1,1,1,1,0,1,0,0,1300.0
4,2.0,95,3.0,1,1,1,1,0,1,1,1,1400.0
4,3.0,126,5.0,1,1,1,1,0,0,1,0,1100.0
4,4.0,84,4.0,1,1,1,1,0,0,1,0,2300.0
4,1.0,37,2.0,1,1,1,1,0,0,0,0,1000.0
4,1.0,40,3.0,1,1,1,0,0,0,0,0,1400.0
4,4.0,83,3.0,1,1,1,1,0,0,0,0,1600.0
4,4.0,160,6.0,1,1,1,1,0,1,0,0,1500.0
4,2.0,90,4.0,1,1,1,1,0,0,0,0,1700.0
4,1.0,80,3.0,1,1,1,1,0,1,0,0,1400.0
4,1.0,200,6.0,1,1,1,1,0,0,0,0,1500.0
4,4.0,100,5.0,1,1,1,1,0,0,1,0,1100.0
4,5.0,90,3.0,1,1,1,1,0,0,0,1,1300.0
4,3.0,120,5.0,1,1,1,1,0,1,0,0,1500.0
4,3.0,100,5.0,1,1,1,1,0,1,1,0,1100.0
4,5.0,192,6.0,1,1,1,1,0,0,0,0,1850.0
4,3.0,44,2.0,1,1,1,1,0,1,0,0,1200.0
4,2.0,120,5.0,1,1,1,1,0,1,0,0,2700.0
4,5.0,130,5.0,1,1,1,1,0,0,0,0,1000.0
4,1.0,70,3.0,0,0,0,1,0,1,0,0,1800.0
4,2.0,130,5.0,1,1,1,0,0,0,0,0,1700.0
4,3.0,70,4.0,1,0,1,1,1,0,0,0,1250.0
4,1.0,100,4.0,1,1,1,0,0,0,0,0,1200.0
4,1.0,170,4.0,1,1,1,1,1,0,1,1,1800.0
4,5.0,75,3.0,1,1,1,0,0,0,0,0,1100.0
4,2.0,50,2.0,1,1,1,1,0,0,0,0,1200.0
4,5.0,140,6.0,1,1,1,0,0,0,0,0,1000.0
4,4.0,67,3.0,1,1,1,1,0,1,0,0,1200.0
4,6.0,106,4.0,1,1,1,0,0,0,0,0,1400.0
4,4.0,110,4.0,1,1,1,1,0,1,0,0,1600.0
4,5.0,110,4.0,1,1,1,1,0,1,1,0,1500.0
4,6.0,86,4.0,1,1,1,1,0,0,0,0,2000.0
4,4.0,72,3.0,1,1,1,1,0,1,0,0,1000.0
4,7.0,76,3.0,1,1,1,1,0,1,0,0,1450.0
4,4.0,84,4.0,0,0,0,0,0,0,0,0,1300.0
4,3.0,120,3.0,1,1,1,1,0,0,1,0,1400.0
4,5.0,120,4.0,1,1,1,1,0,1,0,0,1500.0
4,3.0,67,3.0,1,1,1,1,0,1,0,0,1640.0
4,5.0,160,4.0,0,0,0,0,0,0,0,0,1800.0
4,1.0,125,4.0,1,1,1,0,0,0,0,0,1300.0
4,4.0,96,4.0,1,1,1,0,0,0,0,0,1700.0
4,4.0,96,4.0,1,1,1,1,0,1,0,0,2200.0
4,2.0,90,3.0,0,0,0,0,0,0,0,0,1280.0
4,6.0,68,3.0,1,1,1,0,0,0,0,0,1450.0
4,5.0,75,3.0,1,1,1,1,0,0,0,0,1850.0
4,4.0,115,4.0,1,1,1,0,0,0,0,0,1800.0
4,5.0,90,4.0,1,1,1,1,0,1,0,0,2000.0
4,8.0,170,5.0,1,1,1,1,0,1,0,0,2200.0
4,3.0,110,4.0,0,0,0,1,0,1,0,0,1300.0
4,2.0,200,5.0,1,1,1,0,0,0,0,0,1600.0
4,1.0,160,4.0,0,0,0,1,0,1,0,0,2370.0
4,4.0,100,5.0,1,1,1,0,0,0,0,0,2200.0
4,2.0,115,5.0,1,1,1,1,0,1,0,0,1800.0
4,4.0,95,5.0,1,1,1,0,0,0,1,0,1800.0
4,1.0,95,4.0,1,1,1,0,0,0,0,0,1500.0
4,8.0,84,4.0,1,1,1,0,0,0,0,0,1800.0
4,4.0,94,4.0,1,1,1,1,0,1,0,1,2300.0
4,1.0,110,4.0,1,1,1,1,0,1,0,0,1400.0
4,4.0,113,5.0,1,1,1,0,0,0,0,0,1950.0
4,1.0,80,3.0,1,1,1,1,0,0,0,0,1400.0
4,1.0,70,3.0,1,1,1,0,0,0,0,0,1800.0
4,4.0,95,4.0,1,1,1,1,0,0,0,0,1100.0
4,5.0,97,4.0,1,1,1,0,0,0,0,0,1900.0
4,5.0,59,3.0,1,1,1,0,0,0,0,0,1690.0
4,3.0,150,5.0,1,1,1,0,0,0,0,0,1000.0
4,3.0,120,4.0,1,1,1,0,0,0,0,0,1220.0
4,2.0,56,3.0,1,1,1,0,0,0,0,0,1650.0
4,4.0,96,4.0,1,1,1,0,0,0,0,0,1500.0
4,2.0,86,3.0,0,0,0,0,0,0,0,0,1800.0
4,3.0,180,8.0,1,1,1,1,0,1,0,0,1620.0
4,1.0,210,4.0,1,1,1,1,0,1,0,0,1300.0
4,4.0,80,3.0,1,1,1,1,0,1,0,0,1200.0
4,1.0,60,3.0,1,1,1,1,0,1,0,0,1690.0
4,5.0,200,5.0,1,1,1,0,0,0,0,0,1900.0
4,6.0,176,4.0,1,1,1,0,0,0,0,0,2200.0
4,4.0,90,4.0,1,1,1,1,0,1,0,0,1380.0
4,1.0,170,6.0,1,1,1,0,1,0,1,0,2600.0
4,3.0,78,4.0,1,1,1,1,0,1,0,0,1780.0
4,1.0,127,5.0,0,0,0,1,0,1,0,0,2300.0
4,3.0,130,6.0,1,1,1,1,0,1,0,0,2200.0
4,1.0,86,4.0,0,0,0,0,0,0,0,0,2100.0
4,2.0,127,6.0,1,1,1,0,0,0,0,0,1750.0
4,4.0,65,3.0,1,1,1,0,0,0,0,0,1880.0
4,4.0,103,4.0,1,1,1,1,0,1,0,0,1500.0
4,1.0,104,4.0,1,1,1,0,0,0,0,0,1700.0
4,3.0,85,3.0,0,0,0,0,0,0,0,0,1700.0
4,4.0,54,3.0,1,1,1,0,0,0,0,0,1390.0
4,5.0,75,3.0,1,1,1,0,0,0,0,0,1400.0
4,5.0,64,3.0,1,1,1,0,0,0,0,0,1800.0
4,5.0,110,5.0,1,1,1,0,0,0,0,0,1800.0
4,1.0,70,3.0,1,1,1,0,0,0,0,0,1650.0
4,1.0,174,5.0,1,1,1,1,0,1,0,0,1500.0
4,3.0,78,4.0,1,1,1,0,0,0,0,0,1400.0
4,1.0,67,4.0,1,1,1,1,0,0,1,0,1300.0
4,2.0,100,4.0,1,1,1,0,0,0,1,0,2000.0
4,2.0,54,4.0,1,1,1,1,0,0,0,0,1700.0
4,4.0,80,3.0,1,1,1,0,0,0,0,0,1400.0
4,6.0,56,3.0,0,0,0,0,0,0,0,0,1150.0
4,1.0,58,2.0,0,0,0,0,0,0,0,0,1250.0
4,1.0,174,5.0,0,0,0,1,0,1,0,0,1400.0
4,5.0,64,3.0,1,1,1,0,0,0,0,0,1600.0
4,3.0,200,5.0,0,0,0,0,0,0,0,0,3000.0
4,9.0,110,4.0,1,1,1,0,0,0,0,1,1500.0
4,4.0,74,3.0,0,0,0,0,0,0,0,0,1500.0
4,1.0,80,3.0,1,1,1,1,0,1,0,0,1300.0
4,2.0,118,5.0,1,1,1,0,0,0,0,1,2300.0
4,5.0,56,4.0,1,1,1,0,0,0,1,0,1450.0
4,1.0,130,5.0,1,1,1,0,0,0,0,0,2500.0
4,4.0,110,5.0,0,0,0,0,0,0,0,0,2200.0
4,4.0,139,5.0,1,1,1,0,0,0,0,0,1600.0
4,5.0,28,1.0,0,0,0,0,0,0,0,0,2000.0
4,5.0,80,3.0,1,1,1,0,0,0,0,0,1300.0
4,5.0,76,3.0,0,0,0,0,0,0,0,0,1500.0
4,4.0,46,3.0,1,1,1,0,0,0,0,0,1500.0
4,5.0,90,4.0,1,1,1,0,0,0,0,0,1680.0
4,3.0,97,4.0,1,1,1,0,0,0,0,0,1700.0
4,1.0,67,3.0,1,1,1,0,0,0,0,0,1800.0
4,1.0,84,4.0,1,1,1,0,0,0,0,0,1900.0
4,3.0,200,6.0,0,0,0,0,0,0,0,0,1600.0
4,1.0,120,6.0,0,0,0,0,0,0,0,0,1900.0
4,2.0,90,4.0,1,1,1,0,0,0,0,0,2000.0
4,2.0,190,6.0,1,0,1,0,0,0,0,0,1350.0
4,5.0,165,5.0,0,0,0,0,0,0,0,0,2400.0
4,3.0,230,7.0,1,1,1,0,0,0,0,0,1600.0
4,5.0,75,3.0,1,1,1,0,0,0,0,0,1550.0
4,2.0,63,3.0,1,1,1,0,0,0,0,0,1650.0
4,2.0,85,3.0,0,0,0,0,0,0,1,0,1550.0
4,4.0,100,4.0,1,1,1,0,0,0,0,0,1800.0
4,4.0,150,6.0,0,0,0,0,0,0,0,0,2200.0
4,2.0,150,4.0,0,0,0,0,0,0,0,0,1700.0
4,2.0,180,5.0,1,1,1,0,0,0,1,0,2000.0
4,3.0,120,4.0,1,1,1,0,0,0,0,0,1600.0
4,3.0,90,4.0,0,0,0,0,0,0,0,0,1800.0
4,2.0,127,5.0,1,1,1,0,0,0,0,0,2000.0
4,4.0,100,4.0,0,0,0,0,0,0,0,0,1850.0
4,1.0,220,4.0,1,1,1,0,0,0,0,0,1000.0
4,1.0,110,4.0,1,1,1,0,0,0,0,0,1750.0
4,1.0,154,5.0,1,1,1,0,0,0,0,0,1750.0
4,5.0,170,4.0,1,1,1,0,0,0,0,0,1500.0
4,5.0,78,3.0,1,1,1,0,0,0,0,0,1650.0
4,5.0,130,5.0,0,0,0,0,0,0,0,0,1700.0
4,5.0,65,3.0,1,1,1,0,0,0,0,0,1100.0
4,7.0,54,2.0,1,1,1,0,0,0,1,0,1200.0
4,2.0,95,4.0,1,1,1,0,0,0,0,0,2400.0
4,3.0,85,4.0,1,1,1,0,0,0,0,0,1900.0
4,3.0,110,4.0,0,0,0,0,0,0,0,0,1500.0
4,3.0,120,5.0,0,0,0,0,0,0,0,0,1800.0
4,2.0,112,3.0,1,1,1,0,0,0,0,0,1580.0
4,1.0,85,4.0,1,1,1,0,0,0,0,0,1300.0
4,7.0,160,4.0,1,1,1,0,0,0,0,0,1500.0
4,1.0,173,5.0,1,1,1,0,1,0,0,1,2000.0
4,5.0,180,6.0,1,1,1,0,0,0,0,0,1200.0
4,1.0,87,4.0,0,0,0,0,0,0,0,0,1450.0
4,4.0,95,4.0,1,1,1,0,0,0,0,0,1950.0
4,4.0,100,4.0,0,0,0,0,0,0,0,0,1300.0
4,1.0,127,4.0,1,1,1,0,0,0,0,0,1700.0
4,3.0,120,5.0,0,0,0,0,0,0,0,0,1900.0
4,1.0,73,3.0,1,1,1,0,0,0,0,0,1700.0
4,4.0,60,3.0,1,1,1,0,0,0,0,0,1800.0
4,2.0,140,5.0,1,1,1,0,0,0,0,0,1780.0
4,2.0,85,3.0,1,1,1,0,0,0,0,0,1800.0
4,4.0,110,4.0,1,1,1,0,0,0,0,0,1500.0
4,3.0,90,3.0,1,1,1,0,0,0,1,0,1200.0
4,3.0,88,3.0,1,1,1,0,0,0,0,0,1300.0
4,1.0,150,5.0,1,1,1,0,0,0,0,0,1500.0
4,4.0,120,4.0,1,1,1,0,0,0,0,0,1950.0
4,2.0,68,3.0,1,1,1,0,0,0,0,0,1300.0
4,1.0,100,3.0,1,1,1,0,0,0,0,0,1600.0
4,3.0,78,3.0,1,1,1,0,0,0,0,0,1600.0
4,2.0,190,6.0,1,1,1,0,0,0,0,0,1700.0
4,3.0,75,3.0,1,1,1,0,0,0,0,0,1700.0
4,2.0,85,4.0,1,1,1,0,0,0,0,0,2000.0
4,3.0,100,4.0,1,1,1,0,0,0,0,0,1100.0
4,1.0,90,3.0,1,1,1,0,0,0,0,0,1600.0
4,6.0,118,3.0,1,1,1,0,0,0,1,0,1700.0
4,6.0,200,7.0,1,1,1,0,0,0,0,0,1300.0
4,5.0,130,5.0,1,1,1,0,0,0,0,0,1600.0
4,4.0,130,5.0,1,1,1,0,0,0,0,0,2000.0
4,2.0,90,3.0,1,1,1,0,0,0,0,0,1000.0
4,6.0,90,4.0,1,1,1,0,0,0,0,0,1500.0
4,2.0,55,2.0,1,1,0,0,0,0,0,0,1100.0
4,3.0,240,7.0,1,1,1,0,0,0,0,0,2500.0
4,1.0,100,4.0,1,1,1,0,0,0,0,0,1500.0
4,3.0,216,6.0,1,1,1,0,0,0,0,0,2200.0
4,5.0,200,7.0,1,1,1,0,0,0,0,0,2000.0
4,4.0,100,4.0,1,1,1,0,0,0,0,0,2000.0
5,2.0,70,3.0,1,1,1,1,0,1,0,0,1200.0
5,1.0,1,1.0,0,0,0,0,0,0,0,0,1000.0
5,3.0,55,2.0,1,1,1,1,0,0,0,0,1100.0
5,1.0,60,3.0,1,1,1,1,0,1,0,0,1450.0
5,6.0,90,5.0,1,1,1,0,0,0,0,0,1300.0
5,4.0,60,3.0,1,1,1,1,0,1,0,0,1150.0
5,1.0,63,3.0,1,1,1,1,0,1,0,0,1100.0
5,1.0,65,3.0,1,1,1,1,0,1,0,0,1600.0
5,3.0,93,5.0,1,1,1,1,0,0,0,0,1550.0
5,1.0,80,4.0,1,1,1,1,0,1,0,0,1700.0
5,3.0,20,1.0,1,1,1,1,0,1,1,0,1450.0
5,2.0,70,3.0,1,1,1,1,0,1,0,0,1550.0
5,4.0,103,4.0,1,1,1,1,0,1,0,0,1500.0
5,1.0,83,4.0,1,1,1,1,0,1,1,0,1600.0
5,1.0,110,5.0,1,1,1,1,0,0,0,0,2500.0
5,6.0,140,6.0,1,1,1,1,0,0,0,0,1600.0
5,2.0,70,3.0,1,1,1,1,0,0,0,0,1000.0
5,5.0,85,4.0,1,1,1,0,0,0,0,0,1100.0
5,2.0,78,4.0,1,1,1,0,0,0,0,0,1400.0
5,3.0,25,1.0,1,1,1,1,0,1,0,0,2800.0
5,4.0,250,9.0,1,1,1,1,0,1,0,0,2300.0
5,4.0,55,3.0,1,1,1,1,0,1,0,0,1500.0
5,5.0,118,4.0,1,1,1,1,0,1,0,0,1800.0
5,2.0,85,4.0,1,1,1,1,0,0,0,0,2400.0
5,3.0,100,5.0,1,1,1,0,0,0,0,0,1800.0
5,1.0,75,4.0,1,1,1,1,0,1,0,0,1200.0
5,1.0,67,3.0,1,1,1,1,0,1,0,0,1350.0
5,1.0,40,2.0,1,1,1,1,0,1,0,0,1100.0
5,5.0,85,4.0,1,1,1,1,0,1,0,0,2250.0
5,3.0,80,4.0,1,1,1,0,0,0,0,0,1120.0
5,1.0,42,2.0,1,1,1,1,0,0,0,0,1200.0
5,4.0,105,5.0,1,1,1,1,0,1,0,0,1100.0
5,1.0,80,3.0,1,1,1,1,0,0,0,0,1450.0
5,5.0,72,4.0,1,1,1,1,0,0,0,0,2300.0
5,5.0,40,3.0,1,1,1,1,0,1,0,0,1800.0
5,1.0,67,4.0,1,1,1,1,0,0,0,0,2000.0
5,2.0,70,3.0,1,1,0,0,0,0,0,0,1100.0
5,1.0,65,4.0,1,1,1,1,0,1,0,0,2400.0
5,5.0,85,4.0,1,1,1,0,0,1,0,0,2000.0
5,1.0,64,3.0,1,1,1,1,0,1,0,0,1500.0
5,2.0,70,3.0,1,1,1,1,0,1,0,0,1350.0
5,1.0,100,5.0,1,1,1,1,0,0,0,0,1900.0
5,1.0,60,3.0,0,0,0,0,0,0,0,0,1300.0
5,3.0,20,1.0,1,1,1,1,0,1,1,0,1800.0
5,4.0,96,4.0,0,0,0,0,0,0,0,0,2400.0
5,2.0,74,4.0,1,1,1,1,0,1,0,0,1400.0
5,1.0,53,3.0,0,0,0,1,0,1,0,0,1300.0
5,2.0,45,2.0,1,1,1,1,0,0,0,0,1200.0
5,2.0,80,4.0,0,0,0,0,0,0,0,0,1930.0
5,4.0,101,5.0,1,1,1,0,0,0,0,0,1500.0
5,1.0,73,3.0,1,1,1,0,0,0,0,0,1500.0
5,2.0,57,3.0,1,1,1,0,0,0,0,0,1850.0
5,1.0,75,4.0,1,1,1,0,0,0,0,0,1200.0
5,2.0,70,3.0,1,1,1,0,0,0,0,0,1600.0
5,2.0,70,3.0,1,1,1,1,0,1,0,0,1500.0
5,1.0,98,4.0,0,0,0,0,0,0,0,0,2000.0
5,3.0,110,4.0,0,0,0,0,0,0,0,0,1900.0
5,3.0,50,3.0,1,1,1,0,0,0,0,0,1600.0
5,1.0,73,4.0,1,1,1,0,0,0,0,0,1350.0
5,1.0,85,3.0,0,0,0,0,0,0,0,0,1150.0
5,5.0,40,3.0,1,1,1,1,0,1,0,0,1100.0
5,5.0,89,4.0,1,1,1,0,0,0,0,0,1620.0
5,2.0,115,6.0,1,1,1,0,0,0,0,0,1500.0
5,3.0,55,3.0,1,1,1,0,0,0,0,0,1700.0
5,2.0,125,5.0,1,1,1,0,0,0,0,0,1520.0
5,1.0,150,8.0,1,1,1,0,0,0,0,0,1750.0
5,4.0,46,2.0,0,0,0,0,0,0,0,0,1050.0
5,4.0,90,4.0,1,1,1,0,0,0,0,0,1450.0
5,6.0,56,3.0,1,1,1,1,0,1,0,0,1500.0
5,3.0,36,3.0,1,1,1,0,0,0,0,0,1500.0
5,3.0,90,4.0,1,1,1,0,0,0,0,0,2000.0
5,2.0,90,4.0,1,1,1,0,0,0,0,0,1600.0
5,4.0,40,3.0,1,1,1,0,0,0,0,0,1350.0
5,1.0,50,3.0,1,1,1,0,0,0,0,0,1700.0
6,4.0,67,3.0,1,1,1,0,0,0,0,0,1750.0
6,3.0,95,4.0,1,1,1,0,0,0,0,0,1450.0
6,6.0,70,3.0,1,1,1,1,0,1,0,0,1450.0
6,5.0,106,5.0,1,1,1,0,0,0,0,1,1250.0
6,4.0,56,3.0,1,1,1,1,0,1,0,0,1100.0
6,5.0,121,5.0,0,0,0,0,0,0,0,0,1100.0
6,4.0,100,4.0,1,1,1,0,0,0,0,0,1000.0
6,5.0,115,5.0,1,1,1,0,0,0,0,0,1000.0
6,1.0,75,3.0,1,1,1,1,0,1,0,0,1300.0
6,3.0,70,3.0,1,1,1,0,0,1,0,0,1400.0
6,3.0,90,4.0,1,1,1,0,0,0,0,0,1800.0
6,2.0,86,4.0,1,1,1,1,0,0,0,0,1800.0
6,13.0,137,5.0,1,1,1,0,0,0,0,0,1000.0
6,4.0,54,3.0,1,1,1,1,0,1,0,0,1350.0
6,1.0,120,5.0,1,1,1,1,1,1,0,0,1200.0
6,1.0,98,4.0,0,0,0,1,0,0,0,0,1300.0
6,1.0,140,4.0,0,0,0,0,0,0,0,0,1550.0
6,1.0,100,4.0,1,1,1,1,1,0,1,0,1180.0
6,7.0,75,3.0,1,1,1,1,0,1,0,0,1200.0
6,3.0,75,3.0,1,1,1,0,0,0,0,0,1550.0
6,9.0,114,5.0,1,1,1,1,0,0,0,0,1360.0
6,2.0,100,4.0,1,1,1,1,1,0,0,0,2450.0
6,1.0,120,5.0,1,1,1,1,0,1,0,0,1300.0
6,1.0,75,3.0,1,1,1,1,0,0,0,0,1100.0
6,7.0,72,3.0,1,1,1,1,1,0,0,0,1400.0
6,1.0,85,4.0,1,1,1,0,0,0,0,0,1700.0
6,12.0,80,3.0,0,1,1,1,0,0,1,0,1600.0
6,5.0,100,4.0,0,1,1,1,0,0,0,0,1950.0
6,5.0,76,3.0,0,0,0,1,0,1,0,0,1600.0
6,6.0,75,3.0,1,1,1,1,1,0,0,0,1200.0
6,6.0,70,3.0,1,1,1,1,1,1,0,1,1500.0
6,2.0,75,3.0,1,1,1,1,0,0,0,0,1520.0
6,11.0,75,3.0,0,0,0,1,0,1,0,0,1000.0
6,4.0,98,3.0,1,1,1,1,0,1,0,0,1600.0
6,14.0,75,3.0,0,0,0,0,0,0,0,0,1500.0
6,4.0,85,4.0,1,1,1,1,0,0,0,0,1700.0
6,8.0,88,3.0,1,1,1,0,0,1,0,0,1700.0
6,14.0,137,5.0,1,1,1,1,0,1,0,1,1200.0
6,3.0,70,3.0,1,1,1,1,1,1,0,0,1250.0
6,4.0,80,4.0,1,1,1,1,0,1,0,0,1700.0
6,7.0,76,3.0,1,1,1,1,0,1,0,0,1200.0
6,2.0,90,4.0,1,1,1,1,0,0,0,0,1800.0
6,6.0,75,3.0,1,1,1,1,0,1,0,0,1200.0
6,1.0,110,5.0,1,1,1,1,0,0,0,0,1600.0
6,1.0,75,3.0,0,0,0,0,0,0,0,0,1500.0
6,7.0,75,3.0,1,1,1,1,1,0,0,0,1000.0
6,4.0,55,2.0,1,1,1,1,0,1,0,0,1000.0
6,13.0,75,3.0,1,1,1,1,1,1,0,0,1750.0
6,14.0,75,3.0,1,1,1,1,0,1,0,0,1400.0
6,2.0,115,5.0,1,1,1,1,0,1,0,0,2200.0
6,5.0,75,3.0,1,1,1,1,0,1,0,0,1700.0
6,9.0,75,3.0,1,1,1,1,0,1,0,0,1000.0
6,5.0,115,5.0,1,1,1,1,0,1,0,0,2000.0
6,2.0,75,3.0,1,1,1,1,0,1,0,0,1800.0
6,1.0,121,5.0,1,1,1,1,1,1,0,0,1800.0
6,4.0,100,4.0,1,1,1,1,0,1,0,0,2000.0
6,1.0,120,5.0,1,1,1,1,0,0,0,0,2500.0
6,1.0,75,3.0,1,1,1,1,0,1,0,0,1800.0
6,2.0,85,4.0,1,1,1,1,1,1,0,0,2300.0
6,1.0,120,5.0,1,1,1,1,0,0,0,0,2500.0
6,6.0,75,3.0,1,1,1,1,0,1,0,0,1500.0
6,10.0,150,5.0,1,1,1,1,0,0,0,0,2700.0
6,3.0,140,5.0,1,1,1,1,0,0,1,0,2600.0
6,4.0,70,3.0,1,1,1,1,0,0,0,0,1400.0
6,12.0,95,4.0,1,1,1,1,0,1,0,0,2000.0
6,2.0,100,4.0,1,1,1,1,0,1,0,0,2000.0
6,11.0,79,3.0,0,0,0,0,0,0,0,0,1500.0
6,3.0,75,3.0,0,0,0,0,0,0,0,0,1200.0
6,11.0,90,4.0,1,1,1,0,0,0,0,0,2150.0
6,3.0,100,5.0,1,1,1,1,0,1,0,0,1200.0
6,14.0,140,5.0,1,1,1,1,0,1,0,0,1200.0
6,5.0,82,4.0,1,1,1,0,0,0,0,0,1650.0
6,3.0,75,3.0,1,1,1,0,0,0,0,0,1100.0
6,1.0,83,4.0,1,1,1,1,0,1,0,0,1200.0
6,4.0,100,4.0,1,1,0,1,0,1,0,0,1000.0
6,7.0,76,3.0,1,1,1,1,0,0,0,0,1000.0
6,4.0,100,4.0,1,1,1,0,0,0,0,0,1500.0
6,2.0,105,3.0,1,1,1,1,0,0,0,0,1150.0
6,1.0,95,5.0,1,1,1,0,0,0,0,0,2500.0
6,14.0,137,5.0,1,1,1,1,0,1,0,0,3000.0
6,13.0,100,4.0,1,1,1,1,0,1,0,0,1800.0
6,1.0,74,3.0,1,1,1,1,0,0,0,0,1300.0
6,3.0,120,4.0,1,1,1,1,0,1,0,1,1200.0
6,2.0,80,3.0,1,1,1,1,0,1,0,0,1400.0
6,6.0,85,4.0,1,1,1,0,0,0,0,0,1500.0
6,1.0,72,3.0,1,1,1,0,0,0,0,0,1700.0
6,4.0,95,4.0,1,1,1,1,0,0,0,0,1600.0
6,7.0,65,3.0,1,1,1,1,0,1,0,0,1550.0
6,6.0,72,3.0,1,1,1,1,0,0,0,0,1800.0
6,6.0,75,3.0,1,1,1,1,0,1,0,0,1500.0
6,14.0,75,3.0,1,1,1,1,0,1,1,0,1800.0
6,4.0,95,4.0,1,1,1,0,0,0,0,0,1800.0
6,2.0,84,4.0,1,1,1,1,0,1,0,0,2400.0
6,4.0,120,4.0,1,1,1,0,0,0,0,1,1850.0
6,3.0,115,5.0,1,1,1,0,0,0,0,0,1800.0
6,6.0,85,4.0,1,1,1,0,0,0,0,0,1850.0
6,2.0,70,3.0,1,1,1,1,0,1,1,0,1700.0
6,2.0,77,3.0,1,1,1,0,0,0,0,0,1200.0
6,6.0,75,3.0,1,1,1,1,0,0,1,0,1600.0
6,5.0,115,4.0,1,1,1,1,0,1,0,0,1200.0
6,4.0,80,4.0,1,1,1,1,0,1,0,0,1800.0
6,3.0,75,3.0,1,1,1,1,1,1,0,0,1700.0
6,1.0,117,5.0,1,1,1,1,0,1,0,0,2800.0
6,6.0,75,3.0,1,1,1,1,0,1,0,0,1200.0
6,2.0,115,4.0,1,1,1,1,0,1,0,0,2200.0
6,12.0,75,3.0,1,1,1,1,0,1,0,0,1800.0
6,5.0,120,4.0,1,1,1,1,0,0,0,0,1400.0
6,1.0,70,3.0,1,1,1,1,0,1,0,0,1300.0
6,4.0,110,4.0,1,1,1,1,0,1,0,1,2300.0
6,10.0,75,3.0,1,1,1,0,0,0,0,0,1450.0
6,4.0,91,5.0,0,0,0,0,0,0,0,0,1700.0
6,14.0,145,5.0,1,1,1,0,0,0,0,0,3000.0
6,4.0,91,5.0,1,1,1,1,0,0,0,0,2600.0
6,4.0,82,4.0,1,1,1,0,0,0,0,0,2300.0
6,6.0,75,3.0,1,1,1,0,0,0,0,0,1800.0
6,2.0,81,3.0,1,1,1,1,0,1,0,0,1300.0
6,12.0,85,4.0,1,1,1,1,0,0,0,0,1700.0
6,8.0,76,3.0,1,1,1,1,0,0,0,0,1700.0
6,1.0,100,5.0,1,1,1,1,0,1,1,0,2250.0
6,3.0,100,4.0,1,1,1,1,0,1,0,0,2100.0
6,4.0,74,3.0,0,0,0,0,0,0,0,0,1800.0
6,8.0,90,4.0,1,1,1,0,0,0,0,0,1550.0
6,5.0,76,3.0,1,1,1,0,0,0,0,0,1800.0
6,1.0,89,4.0,1,1,1,1,0,1,0,0,2300.0
6,5.0,115,5.0,1,1,1,1,0,1,0,0,2800.0
6,7.0,70,3.0,1,1,1,1,1,0,0,0,1550.0
6,1.0,120,5.0,1,1,1,1,0,1,0,0,1700.0
6,1.0,84,4.0,1,1,1,0,0,0,0,0,1600.0
6,1.0,120,5.0,1,1,1,0,1,0,0,0,1600.0
6,4.0,75,3.0,1,1,1,0,0,0,0,0,1600.0
6,8.0,72,3.0,1,1,1,0,1,0,0,1,1500.0
6,4.0,90,4.0,1,1,1,0,0,0,0,0,1800.0
6,6.0,74,3.0,1,1,1,0,0,0,0,0,1500.0
6,1.0,66,3.0,1,1,1,0,0,0,0,0,1300.0
6,6.0,75,3.0,1,1,1,0,0,0,0,0,1800.0
6,2.0,92,4.0,1,1,1,0,0,0,0,1,2000.0
6,1.0,75,3.0,1,1,1,0,0,0,0,0,1600.0
6,4.0,120,5.0,1,1,1,0,0,0,0,0,1250.0
6,1.0,80,3.0,1,1,1,0,0,0,1,0,1200.0
6,3.0,80,4.0,1,1,1,0,1,0,0,0,2400.0
6,1.0,75,3.0,1,1,1,0,0,0,0,0,1600.0
6,7.0,58,2.0,1,1,1,0,0,0,0,0,1000.0
6,4.0,120,5.0,1,1,1,0,0,0,0,0,1150.0
6,1.0,100,4.0,1,1,1,0,0,0,0,0,1700.0
6,9.0,75,3.0,1,1,1,0,0,0,0,0,1700.0
6,4.0,120,4.0,1,1,1,0,0,0,1,0,1300.0
6,2.0,115,5.0,0,0,0,0,0,0,0,0,2600.0
6,2.0,75,3.0,1,1,1,0,0,0,0,0,1600.0
6,2.0,86,4.0,1,1,1,0,0,0,0,0,2400.0
6,5.0,66,3.0,1,1,1,0,0,0,0,0,1500.0
6,1.0,67,3.0,1,1,1,0,0,0,0,1,1600.0
6,1.0,67,3.0,1,1,1,0,0,0,0,1,1800.0
6,12.0,72,3.0,1,1,1,0,1,0,0,0,1850.0
6,5.0,90,4.0,1,1,0,0,0,0,1,0,1000.0
6,5.0,72,3.0,1,1,1,0,0,0,0,0,1600.0
6,1.0,110,4.0,0,0,0,0,0,0,0,0,1300.0
6,3.0,100,4.0,1,1,1,0,0,0,1,0,1700.0
6,8.0,170,5.0,1,1,1,0,0,0,0,0,2100.0
6,5.0,97,4.0,1,1,1,0,0,0,0,0,2300.0
6,1.0,120,5.0,0,0,0,0,0,0,0,0,1500.0
6,1.0,117,5.0,0,0,0,0,1,0,0,0,2100.0
6,1.0,80,3.0,1,1,1,0,0,0,0,0,1650.0
6,4.0,102,4.0,0,0,0,0,0,0,0,0,2300.0
6,3.0,120,5.0,1,1,1,0,0,0,0,0,1500.0
7,5.0,120,4.0,1,1,1,1,0,0,0,0,1700.0
7,1.0,100,4.0,1,1,1,1,0,1,0,0,1500.0
7,2.0,95,4.0,1,0,0,0,0,0,0,0,2200.0
7,4.0,102,4.0,1,1,1,1,1,0,0,0,2200.0
7,1.0,145,5.0,1,1,1,0,0,0,0,0,2700.0
7,3.0,180,4.0,1,1,1,1,0,1,0,0,1600.0
7,1.0,112,3.0,1,1,1,1,0,1,0,1,1550.0
7,1.0,127,4.0,1,1,1,1,0,0,0,1,1600.0
7,6.0,90,4.0,1,1,1,0,0,0,0,0,2350.0
7,2.0,97,4.0,1,1,1,1,0,0,0,0,2300.0
7,4.0,102,4.0,1,1,1,0,0,0,0,0,1400.0
7,4.0,72,3.0,0,0,0,0,0,0,0,0,1700.0
7,2.0,95,3.0,1,1,1,0,0,0,0,0,1200.0
7,1.0,100,3.0,1,1,1,1,0,1,0,1,1350.0
7,1.0,75,3.0,1,1,1,0,0,0,0,0,1650.0
7,1.0,120,4.0,1,1,1,1,0,1,0,1,1850.0
7,2.0,102,4.0,1,1,1,1,0,0,0,0,1700.0
7,2.0,120,5.0,1,1,1,0,1,0,0,0,1000.0
7,3.0,75,3.0,1,1,1,1,0,1,0,1,1300.0
7,2.0,50,7.0,1,1,1,0,1,1,0,1,1000.0
7,1.0,95,4.0,1,1,1,1,0,0,0,0,1700.0
7,7.0,76,3.0,0,0,0,1,0,1,0,0,1100.0
7,1.0,100,4.0,1,1,1,1,0,0,0,0,1100.0
7,5.0,74,3.0,1,1,1,1,0,1,0,0,1000.0
7,1.0,100,4.0,1,1,1,0,0,0,0,0,2000.0
7,4.0,73,3.0,1,1,1,1,0,0,0,0,1300.0
7,1.0,72,3.0,1,1,1,1,0,0,0,0,1500.0
7,1.0,95,3.0,1,1,1,1,0,1,0,0,1600.0
7,2.0,73,3.0,1,1,1,1,0,0,0,0,1600.0
7,1.0,75,3.0,1,1,1,0,0,0,0,0,1200.0
7,1.0,75,3.0,1,1,1,0,0,0,0,0,1200.0
7,4.0,70,3.0,0,0,0,0,0,0,0,0,1520.0
7,1.0,98,4.0,1,1,1,0,0,0,0,0,1200.0
7,3.0,75,3.0,1,1,1,0,0,0,0,0,1200.0
8,5.0,64,3.0,1,1,1,1,0,1,0,0,1500.0
8,5.0,62,3.0,1,1,1,1,0,1,0,0,1150.0
8,5.0,70,3.0,1,1,1,1,0,1,0,0,1200.0
8,5.0,70,3.0,1,1,1,1,0,1,0,0,1800.0
8,4.0,95,5.0,1,1,1,1,0,1,0,0,1000.0
8,1.0,67,3.0,0,0,0,1,0,1,0,0,1500.0
8,5.0,100,5.0,1,1,1,0,0,0,0,0,1500.0
8,4.0,117,5.0,1,1,1,1,0,1,0,0,2000.0
8,4.0,75,3.0,1,1,1,1,0,0,0,0,1600.0
8,4.0,85,4.0,1,1,1,0,0,0,0,0,1400.0
8,1.0,72,3.0,1,1,1,1,0,1,0,0,1500.0
8,3.0,75,3.0,1,1,1,1,1,1,0,0,1400.0
8,2.0,87,4.0,1,1,1,1,0,1,0,0,1100.0
8,4.0,72,3.0,1,1,1,1,0,1,0,0,1300.0
8,1.0,100,3.0,1,1,1,1,0,1,0,0,1300.0
8,4.0,62,3.0,1,1,1,1,0,1,0,0,1200.0
8,1.0,120,5.0,1,1,1,1,0,0,0,0,2000.0
8,4.0,80,4.0,1,1,1,0,0,0,0,0,1200.0
8,5.0,80,3.0,1,1,1,1,0,1,0,0,1500.0
8,2.0,70,4.0,1,1,1,1,0,0,0,0,1300.0
8,2.0,85,4.0,1,1,1,1,0,1,0,0,2300.0
8,4.0,95,4.0,1,1,1,0,0,0,0,0,2300.0
8,3.0,49,3.0,1,1,1,1,0,1,0,0,1500.0
8,4.0,95,5.0,1,1,1,0,0,0,0,0,1600.0
8,4.0,100,5.0,1,1,1,0,0,0,0,0,1700.0
8,2.0,70,3.0,1,1,1,0,0,0,0,0,1100.0
8,2.0,70,3.0,1,1,1,0,0,0,0,0,1090.0
8,4.0,100,5.0,1,1,1,0,0,0,0,0,2100.0
8,1.0,70,3.0,1,1,1,0,0,0,0,0,1800.0
8,3.0,72,3.0,1,1,1,0,0,0,0,0,1200.0
8,5.0,70,3.0,1,1,1,0,0,0,0,0,1100.0
9,3.0,50,2.0,1,1,1,0,0,0,0,0,1250.0
9,3.0,70,3.0,1,1,1,0,0,0,0,0,1400.0
9,1.0,75,3.0,1,1,1,1,1,0,0,0,1050.0
9,1.0,82,4.0,1,1,0,0,0,0,0,0,1450.0
9,3.0,129,4.0,1,1,1,0,0,0,1,1,1800.0
9,5.0,73,3.0,1,1,1,0,0,0,0,0,1450.0
9,2.0,78,4.0,1,1,1,0,0,0,0,0,1750.0
9,5.0,100,4.0,1,1,1,0,0,0,0,0,1700.0
9,4.0,80,3.0,1,1,1,0,0,0,0,0,1300.0
9,5.0,63,3.0,1,1,1,1,0,0,0,0,1600.0
9,4.0,110,3.0,1,1,1,0,0,0,0,0,1300.0
9,3.0,117,5.0,1,1,1,0,0,0,1,0,1600.0
9,3.0,84,4.0,1,1,1,1,0,0,0,0,1600.0
9,4.0,160,5.0,1,1,1,0,0,0,0,0,2100.0
9,1.0,50,3.0,1,1,1,0,0,0,0,0,1450.0
9,5.0,8,3.0,1,1,1,0,0,0,1,0,1450.0
9,5.0,85,3.0,1,1,1,0,0,0,1,0,1550.0
9,1.0,80,3.0,1,1,1,1,0,0,0,0,1750.0
9,5.0,4,3.0,0,1,1,0,0,0,0,0,1750.0
9,1.0,100,3.0,0,0,0,0,0,0,0,0,1550.0
9,2.0,90,4.0,1,1,1,0,0,0,0,0,1200.0
9,3.0,86,4.0,1,1,1,0,0,0,0,0,1450.0
9,5.0,120,5.0,1,1,1,0,0,0,0,0,1600.0
9,1.0,71,3.0,1,1,1,1,0,0,0,1,1300.0
9,5.0,100,5.0,1,1,1,1,0,0,0,0,1900.0
10,5.0,33,2.0,1,1,1,1,0,1,0,0,1000.0
10,3.0,50,2.0,1,1,1,1,0,1,0,0,1200.0
10,2.0,75,3.0,1,1,1,1,0,1,0,0,1500.0
10,7.0,73,3.0,1,1,1,1,0,0,0,0,1500.0
10,4.0,70,3.0,1,1,1,1,0,1,0,0,1200.0
10,1.0,65,3.0,1,1,1,0,0,0,0,0,1000.0
10,1.0,90,4.0,1,1,1,1,0,1,0,0,2100.0
10,7.0,56,3.0,1,1,1,1,0,0,1,1,1500.0
10,4.0,70,3.0,1,1,1,1,0,1,0,0,1800.0
10,4.0,70,3.0,1,1,1,1,0,1,0,0,1300.0
10,1.0,74,3.0,1,1,1,1,0,1,0,0,1200.0
10,1.0,104,3.0,1,1,1,0,0,0,0,0,1850.0
10,1.0,108,4.0,1,1,1,0,0,1,0,0,1700.0
10,6.0,107,4.0,1,1,1,0,0,0,0,0,1300.0
10,4.0,70,3.0,0,1,1,0,0,0,0,0,1600.0
10,4.0,65,3.0,1,1,1,1,0,1,0,0,1600.0
10,3.0,145,4.0,1,1,1,1,0,1,0,0,2000.0
10,5.0,87,3.0,1,1,1,1,0,1,0,0,1200.0
10,7.0,110,3.0,1,1,1,0,0,0,0,0,1800.0
10,4.0,68,3.0,0,0,0,0,0,0,0,0,1800.0
10,4.0,50,3.0,1,1,1,1,0,0,0,0,1600.0
10,3.0,89,3.0,0,0,0,0,0,0,0,0,1550.0
10,1.0,60,3.0,1,1,1,1,0,1,0,1,1550.0
10,1.0,60,3.0,1,1,1,1,0,1,0,0,1700.0
10,1.0,88,3.0,1,1,1,1,0,1,0,1,1200.0
10,4.0,72,3.0,1,1,1,1,0,1,0,0,1100.0
10,4.0,80,3.0,0,0,0,1,0,0,0,0,1800.0
10,1.0,105,3.0,1,1,1,1,0,1,0,0,1600.0
10,1.0,50,1.0,1,1,1,0,0,0,0,0,1500.0
10,1.0,99,4.0,1,1,1,1,0,1,0,0,1500.0
10,1.0,40,3.0,1,1,1,1,0,0,0,0,1800.0
10,5.0,75,3.0,1,1,1,1,0,1,0,0,1350.0
10,3.0,83,3.0,1,1,1,1,0,1,0,0,1480.0
10,7.0,95,4.0,1,1,1,0,0,0,0,0,1200.0
10,7.0,160,4.0,1,1,1,0,0,0,0,0,2300.0
10,7.0,97,4.0,1,1,1,1,0,1,1,1,2000.0
10,1.0,78,3.0,1,1,1,1,0,0,0,0,1050.0
10,2.0,65,3.0,1,1,1,1,0,1,0,0,1750.0
10,3.0,90,4.0,1,1,1,1,0,1,1,0,2350.0
10,3.0,93,3.0,1,1,1,1,0,1,0,1,1350.0
10,3.0,110,4.0,1,1,1,1,0,1,0,1,1300.0
10,4.0,52,3.0,1,1,1,1,0,1,0,0,1600.0
10,9.0,52,4.0,1,1,1,1,0,1,1,0,1400.0
10,7.0,90,4.0,1,1,1,0,0,1,0,0,1200.0
10,7.0,68,4.0,1,1,1,1,0,0,1,0,1500.0
10,9.0,85,4.0,1,1,1,1,0,1,0,0,1000.0
10,6.0,135,4.0,1,1,1,0,0,0,1,0,1300.0
10,4.0,87,4.0,1,1,1,0,0,0,0,0,1350.0
10,7.0,90,4.0,1,1,1,0,0,0,1,1,1600.0
10,1.0,85,4.0,1,1,1,0,0,0,0,0,1700.0
11,2.0,90,3.0,1,1,1,1,1,1,0,1,1850.0
11,5.0,90,3.0,1,1,1,0,0,0,1,0,1500.0
11,3.0,108,4.0,1,1,1,1,0,1,0,1,1400.0
11,2.0,95,4.0,1,1,1,1,1,0,0,0,1300.0
11,3.0,90,3.0,1,1,1,0,0,0,0,0,1700.0
11,5.0,114,5.0,0,0,0,0,0,0,0,0,1600.0
11,5.0,78,4.0,1,1,1,1,0,0,0,0,1420.0
11,3.0,160,4.0,1,1,1,0,0,0,0,0,1300.0
11,2.0,100,4.0,1,1,1,1,1,1,0,0,1850.0
11,6.0,70,3.0,1,1,1,0,0,0,0,0,1500.0
11,3.0,160,4.0,1,1,1,1,0,1,0,1,1700.0
11,4.0,120,3.0,1,1,1,0,0,0,1,0,1000.0
11,2.0,90,3.0,1,1,1,1,0,1,0,0,1500.0
11,14.0,115,3.0,1,1,1,1,0,1,0,1,1100.0
11,3.0,165,4.0,1,1,1,1,0,0,0,1,1300.0
11,4.0,110,4.0,1,0,0,1,0,1,0,1,1800.0
11,3.0,132,5.0,1,1,1,0,0,0,0,1,1150.0
11,5.0,116,5.0,1,1,1,1,0,1,0,0,1000.0
11,4.0,130,5.0,1,1,1,0,0,0,0,1,1600.0
11,4.0,68,3.0,1,1,1,1,0,1,0,0,1300.0
11,3.0,86,3.0,1,1,1,0,0,0,1,0,1650.0
11,1.0,107,4.0,1,1,1,1,0,0,0,0,1400.0
11,4.0,85,4.0,1,1,1,0,0,0,0,0,1300.0
11,4.0,105,4.0,1,1,1,1,0,1,0,1,2000.0
11,2.0,150,4.0,1,1,1,1,0,0,0,0,1300.0
11,1.0,150,4.0,1,1,1,0,0,0,0,0,1800.0
11,5.0,100,4.0,1,1,1,0,0,0,1,0,1000.0
11,2.0,130,3.0,1,1,1,0,0,0,0,0,1800.0
11,1.0,70,4.0,1,1,1,1,0,1,0,0,1400.0
11,5.0,100,4.0,1,1,1,0,0,0,1,0,1400.0
11,3.0,114,3.0,1,1,1,0,0,0,1,1,1200.0
11,4.0,117,3.0,1,1,1,1,0,1,1,1,1500.0
11,3.0,157,4.0,1,1,1,1,0,1,0,1,1300.0
11,4.0,73,3.0,0,0,0,0,0,0,0,0,1600.0
11,3.0,160,4.0,1,1,1,1,0,0,0,1,1900.0
11,3.0,180,4.0,1,1,1,1,1,1,0,0,1800.0
11,3.0,103,4.0,1,1,1,0,0,0,1,1,1300.0
11,2.0,125,3.0,0,0,0,0,0,0,0,0,1300.0
11,5.0,110,4.0,1,1,1,1,0,0,0,0,1050.0
11,1.0,150,4.0,1,1,1,1,0,1,0,1,1200.0
11,1.0,120,3.0,1,1,1,1,0,1,0,1,1800.0
11,1.0,120,4.0,1,1,1,1,0,0,0,0,2200.0
11,6.0,80,3.0,1,1,1,1,0,0,0,0,1100.0
11,1.0,80,4.0,0,0,0,1,0,1,0,0,1600.0
11,3.0,157,4.0,0,0,0,0,0,0,0,0,1000.0
11,1.0,100,4.0,1,1,1,1,0,0,0,0,1200.0
11,1.0,137,4.0,1,1,1,1,1,1,0,1,1200.0
11,3.0,120,4.0,1,1,1,1,0,0,0,0,1600.0
11,4.0,117,3.0,1,1,1,1,0,0,0,0,1550.0
11,4.0,130,3.0,0,0,0,0,0,0,0,0,1800.0
11,1.0,77,4.0,1,1,1,1,0,1,0,0,1700.0
11,3.0,76,3.0,0,0,0,1,0,1,0,0,1200.0
11,3.0,90,3.0,0,0,0,0,0,0,0,0,1700.0
11,7.0,95,3.0,1,1,1,1,1,1,1,1,1400.0
11,4.0,125,4.0,0,0,0,0,0,0,0,0,1600.0
11,3.0,90,3.0,0,0,0,0,0,0,0,0,1700.0
11,1.0,82,3.0,0,0,0,0,0,0,0,0,1050.0
11,3.0,78,3.0,1,1,1,0,0,0,0,0,1100.0
11,6.0,99,3.0,1,1,1,0,0,0,0,0,1600.0
11,1.0,82,3.0,1,1,1,0,0,0,0,0,1720.0
11,5.0,140,4.0,1,1,1,0,0,0,0,1,1650.0
11,5.0,75,3.0,1,1,1,0,0,0,0,0,1290.0
11,3.0,77,3.0,1,1,1,1,0,0,0,0,1700.0
11,4.0,76,3.0,0,0,0,0,0,0,0,0,1000.0
11,3.0,80,4.0,1,1,1,0,0,0,0,0,2200.0
11,2.0,120,4.0,1,1,1,0,1,0,0,1,1200.0
11,3.0,113,4.0,1,1,1,0,0,0,1,0,2200.0
11,2.0,120,4.0,1,1,1,0,0,0,0,1,1700.0
11,4.0,145,4.0,1,1,1,0,0,0,0,1,1200.0
11,5.0,90,3.0,0,0,0,0,0,0,0,0,1100.0
12,1.0,78,3.0,0,1,1,0,0,0,0,0,1100.0
12,3.0,147,4.0,1,1,1,0,1,0,0,0,1400.0
12,3.0,175,4.0,1,1,1,1,1,1,0,1,1250.0
12,4.0,64,3.0,1,1,1,0,0,0,0,0,1150.0
12,3.0,147,4.0,1,1,1,1,0,1,1,0,1800.0
12,4.0,100,3.0,1,1,1,1,0,1,0,1,1250.0
12,1.0,105,3.0,1,1,1,1,0,1,0,0,1200.0
12,3.0,92,3.0,1,1,1,1,0,0,0,0,1400.0
12,5.0,98,4.0,1,1,1,0,0,0,1,0,1200.0
12,3.0,87,3.0,1,1,1,1,0,1,1,0,1400.0
12,2.0,110,5.0,1,1,1,0,0,0,0,0,1000.0
12,4.0,82,4.0,1,1,1,1,0,0,0,0,1150.0
12,2.0,138,5.0,0,0,0,0,0,0,0,0,1100.0
12,4.0,136,5.0,1,1,1,0,0,0,0,1,1200.0
12,3.0,110,4.0,1,1,1,0,0,0,0,0,1200.0
12,4.0,130,5.0,0,0,0,0,0,0,0,1,2000.0
12,5.0,46,2.0,1,1,1,0,0,0,0,0,1100.0
12,6.0,150,5.0,0,0,0,0,0,0,0,0,1100.0
12,4.0,130,4.0,1,1,1,0,0,0,0,1,1300.0
12,5.0,167,5.0,1,1,1,0,0,0,0,1,1000.0
12,1.0,72,3.0,1,1,1,0,0,0,0,0,1400.0
12,1.0,78,3.0,1,1,1,0,0,0,0,0,1350.0
12,5.0,74,3.0,1,1,1,0,0,0,0,0,1400.0
12,3.0,147,4.0,1,1,1,1,0,1,0,0,1400.0
12,3.0,120,4.0,1,1,1,1,1,1,0,0,1400.0
12,5.0,150,5.0,1,1,1,0,0,0,1,1,2600.0
12,4.0,150,4.0,1,1,1,1,1,0,0,1,1200.0
12,1.0,148,4.0,1,1,1,0,0,0,0,0,1000.0
12,2.0,75,3.0,1,1,1,1,0,0,0,0,1500.0
12,3.0,78,3.0,1,1,1,1,0,0,0,0,1000.0
12,1.0,120,5.0,1,1,1,0,0,0,0,0,1350.0
12,1.0,170,5.0,1,1,1,0,0,0,0,0,2200.0
12,1.0,74,3.0,0,0,0,1,0,0,0,0,1100.0
12,1.0,55,3.0,1,1,1,0,0,0,0,0,1700.0
12,4.0,140,4.0,1,1,1,0,0,0,0,0,2100.0
12,2.0,200,5.0,1,1,1,0,0,0,0,1,2400.0
12,4.0,106,4.0,0,0,0,1,0,1,0,0,1140.0
12,1.0,170,4.0,1,1,1,0,1,0,0,0,1100.0
12,5.0,200,5.0,0,0,0,0,0,0,0,1,2600.0
12,3.0,150,4.0,1,1,1,0,0,0,0,1,1250.0
12,3.0,92,4.0,1,1,1,0,0,0,0,1,2400.0
12,4.0,150,5.0,0,0,0,0,0,0,0,1,1950.0
12,2.0,200,5.0,1,1,1,0,0,0,0,1,1700.0
12,2.0,107,4.0,1,1,1,0,0,0,0,0,1800.0
12,2.0,100,4.0,1,1,1,0,0,0,0,1,1100.0
12,3.0,56,3.0,1,1,1,0,0,0,1,0,1600.0
12,2.0,135,5.0,1,1,1,0,0,0,0,1,1700.0
12,2.0,80,3.0,1,1,1,0,0,0,0,0,1800.0
12,1.0,60,3.0,1,1,1,0,0,0,1,0,1400.0
12,4.0,144,4.0,1,1,1,0,0,0,1,0,1400.0
12,4.0,80,4.0,1,1,1,0,0,0,0,0,1200.0
13,8.0,125,3.0,0,0,0,1,0,1,0,0,1300.0
13,10.0,107,3.0,1,1,1,0,0,0,0,0,1350.0
13,3.0,117,3.0,1,1,1,1,0,1,0,0,1500.0
13,2.0,130,5.0,0,0,0,1,0,1,0,0,2500.0
13,3.0,71,4.0,1,1,1,1,0,1,0,0,1600.0
13,5.0,60,2.0,1,1,1,1,0,1,0,0,1250.0
13,1.0,95,4.0,1,1,1,1,0,1,0,0,1000.0
13,2.0,100,4.0,1,1,1,1,1,0,0,1,1400.0
13,1.0,110,5.0,0,0,0,0,0,0,0,0,1400.0
13,2.0,72,3.0,1,1,1,1,0,1,0,0,1600.0
13,13.0,98,4.0,0,0,0,0,0,0,0,0,1300.0
13,3.0,65,3.0,1,1,1,1,0,1,0,0,1600.0
13,3.0,65,3.0,1,1,1,1,0,1,0,0,1300.0
13,5.0,90,3.0,1,1,1,1,0,1,0,0,1400.0
13,1.0,65,3.0,1,1,1,1,0,1,0,0,1650.0
13,1.0,160,4.0,1,1,1,1,1,1,0,1,1600.0
13,3.0,72,4.0,1,1,1,1,0,1,0,0,1250.0
13,1.0,100,4.0,1,1,1,1,0,1,0,0,1400.0
13,1.0,90,3.0,1,1,1,1,1,1,0,0,1250.0
13,6.0,117,4.0,1,1,1,1,0,1,0,0,1700.0
13,1.0,127,4.0,1,1,1,1,0,0,0,1,1800.0
13,3.0,96,3.0,1,1,1,1,0,0,0,1,1350.0
13,1.0,75,3.0,1,1,1,1,0,1,0,0,1700.0
13,10.0,156,4.0,1,1,1,1,1,1,1,1,1500.0
13,1.0,73,4.0,1,1,1,1,1,0,0,0,1600.0
13,3.0,117,3.0,1,1,1,1,0,1,0,1,1600.0
13,1.0,73,3.0,1,1,1,0,0,0,0,0,1700.0
13,5.0,103,3.0,1,1,1,0,0,0,0,0,1450.0
13,3.0,105,4.0,1,1,1,1,0,1,1,0,1200.0
13,7.0,156,5.0,1,1,1,1,0,1,0,1,1450.0
13,3.0,100,4.0,1,1,1,0,0,0,0,0,1500.0
13,5.0,115,4.0,1,1,1,1,0,1,0,0,2000.0
13,5.0,110,5.0,1,1,1,1,0,1,0,0,1600.0
13,5.0,110,5.0,1,1,1,1,0,0,0,1,2200.0
13,3.0,110,5.0,1,1,1,1,0,1,0,0,2300.0
13,10.0,100,4.0,1,1,1,0,0,0,0,0,1900.0
13,6.0,110,5.0,1,1,1,1,0,1,0,1,3000.0
13,3.0,110,5.0,1,1,1,1,0,1,0,0,2500.0
13,4.0,78,3.0,1,1,1,0,0,0,1,0,1600.0
13,7.0,73,3.0,1,1,1,1,1,1,0,0,1800.0
13,5.0,115,4.0,0,0,0,1,0,1,0,0,2400.0
13,2.0,95,5.0,1,1,1,1,0,1,0,0,3000.0
13,5.0,135,4.0,0,0,0,0,0,0,0,0,1750.0
13,6.0,65,3.0,1,1,1,0,0,0,0,0,1800.0
13,4.0,120,5.0,1,1,1,1,0,1,0,0,1850.0
13,2.0,98,4.0,1,1,1,1,0,1,0,0,2150.0
13,14.0,120,4.0,1,1,1,0,0,0,0,0,2200.0
13,2.0,93,5.0,0,0,0,1,0,1,0,0,2000.0
13,3.0,120,4.0,1,1,1,0,0,0,0,0,2300.0
13,2.0,45,3.0,1,1,1,0,0,0,0,0,1600.0
13,1.0,100,4.0,1,1,1,0,0,0,0,1,1500.0
13,1.0,107,4.0,1,1,1,0,0,0,0,0,1800.0
13,1.0,160,5.0,1,1,1,0,0,0,0,1,2500.0
13,3.0,85,4.0,1,1,1,0,0,0,0,0,1680.0
13,3.0,80,3.0,1,1,1,0,0,0,0,0,1700.0
13,6.0,90,3.0,1,1,1,0,0,0,0,1,1800.0
13,12.0,110,4.0,1,1,1,0,0,0,0,0,1750.0
13,3.0,250,5.0,1,1,1,0,0,0,0,1,2500.0
13,6.0,75,4.0,0,0,0,0,0,0,0,0,1620.0
14,4.0,160,5.0,0,0,0,1,0,1,0,1,2570.0
14,3.0,104,4.0,1,1,1,1,0,1,0,0,1150.0
14,2.0,60,3.0,1,1,1,1,1,0,0,0,1600.0
14,6.0,93,4.0,1,1,1,1,0,1,0,0,2450.0
14,3.0,105,4.0,1,1,0,1,0,0,0,0,2000.0
14,4.0,113,4.0,1,1,1,0,0,0,0,1,2300.0
14,5.0,136,4.0,1,1,1,0,0,0,0,0,2000.0
14,4.0,130,5.0,0,0,0,1,0,1,0,0,2300.0
14,1.0,150,5.0,0,0,0,0,0,0,0,0,1650.0
14,7.0,70,3.0,0,0,0,0,0,0,0,0,1800.0
14,5.0,132,4.0,1,1,1,1,1,1,0,1,1700.0
14,5.0,100,4.0,0,0,0,0,0,0,0,0,1800.0
14,3.0,100,4.0,1,1,1,0,0,0,0,0,1800.0
14,1.0,75,3.0,1,1,1,1,0,0,0,0,1800.0
14,1.0,92,3.0,1,1,1,1,0,1,0,0,1600.0
14,4.0,110,4.0,1,1,1,0,0,0,1,0,1800.0
14,1.0,140,4.0,0,0,0,0,0,0,0,0,2200.0
14,1.0,75,3.0,1,1,1,1,0,1,0,0,1700.0
14,6.0,100,4.0,1,1,1,1,0,0,1,0,1700.0
14,5.0,85,3.0,1,1,1,0,0,0,0,0,1550.0
14,6.0,200,6.0,1,1,1,0,0,0,0,0,2500.0
14,6.0,100,4.0,1,1,1,1,0,0,0,0,2400.0
14,1.0,88,4.0,1,1,1,1,1,1,0,0,2300.0
14,3.0,75,3.0,1,1,1,1,0,0,0,0,1720.0
14,6.0,100,4.0,1,1,1,1,0,0,0,0,1700.0
14,1.0,240,7.0,1,1,1,0,0,0,0,1,1900.0
14,2.0,80,3.0,1,1,1,1,0,0,0,0,1800.0
14,1.0,90,4.0,1,1,1,0,1,0,1,1,1650.0
14,6.0,100,4.0,1,1,1,0,0,0,1,0,1750.0
14,4.0,80,3.0,1,1,1,0,0,0,0,0,1800.0
14,6.0,130,4.0,1,1,1,0,0,0,0,0,1800.0
14,2.0,136,6.0,0,0,0,1,0,1,0,0,2000.0
14,5.0,80,3.0,1,1,1,0,0,0,1,0,1800.0
14,3.0,90,3.0,1,1,1,0,0,0,0,0,1600.0
14,3.0,110,4.0,1,1,1,1,0,0,0,0,2300.0
14,2.0,85,3.0,0,0,0,0,0,0,0,0,1600.0
14,2.0,110,4.0,0,0,0,0,0,0,0,0,2200.0
14,4.0,160,5.0,1,1,1,1,0,1,0,1,2800.0
14,2.0,86,3.0,1,1,1,0,0,0,0,0,1700.0
14,1.0,110,3.0,1,1,1,1,0,1,0,0,1800.0
14,5.0,124,4.0,1,1,1,1,0,1,0,1,1100.0
14,1.0,149,5.0,1,1,1,1,0,1,0,1,2500.0
14,1.0,110,4.0,1,1,1,1,0,0,0,0,2000.0
14,6.0,95,4.0,1,1,1,1,0,1,0,0,1500.0
14,1.0,90,4.0,1,1,1,1,0,1,0,0,1700.0
14,1.0,87,3.0,1,1,1,1,0,0,0,1,1700.0
14,4.0,120,4.0,1,1,1,1,0,1,0,0,2000.0
14,4.0,93,4.0,1,1,1,1,1,0,1,0,2200.0
14,1.0,110,4.0,1,1,1,0,0,0,0,0,1500.0
14,4.0,73,3.0,1,1,1,1,0,1,0,0,1850.0
14,2.0,90,4.0,1,1,1,1,1,1,0,0,1300.0
14,4.0,122,4.0,1,1,1,0,0,0,0,0,2000.0
14,3.0,83,4.0,1,1,1,0,0,0,0,0,1900.0
14,4.0,90,3.0,1,1,1,1,0,0,0,0,1800.0
14,4.0,70,3.0,1,1,1,0,0,0,0,0,1650.0
14,3.0,74,3.0,1,1,1,1,0,1,0,0,1700.0
14,2.0,87,3.0,1,1,1,1,0,1,0,0,1850.0
14,4.0,110,4.0,1,1,1,1,0,0,0,0,1600.0
14,3.0,1,5.0,1,1,1,1,0,0,0,0,1500.0
14,5.0,84,3.0,1,1,0,0,0,0,0,0,1800.0
14,4.0,113,4.0,1,1,1,1,0,1,0,1,1700.0
14,1.0,105,4.0,1,1,1,1,0,1,0,0,1800.0
14,1.0,70,3.0,1,1,1,1,0,0,0,0,1500.0
14,5.0,87,4.0,1,1,1,0,0,0,0,0,1400.0
14,5.0,107,4.0,1,1,1,0,0,0,0,1,1720.0
14,1.0,118,4.0,0,0,0,1,0,1,0,0,2100.0
14,4.0,125,5.0,1,1,1,0,0,0,1,0,1550.0
14,1.0,120,4.0,1,1,1,1,0,1,0,0,1850.0
14,4.0,32,2.0,1,1,1,1,0,0,0,0,1000.0
14,6.0,100,4.0,1,1,1,1,0,1,0,0,1270.0
14,5.0,100,4.0,1,1,1,1,0,0,0,0,1750.0
14,6.0,115,4.0,0,0,0,1,0,0,0,0,1300.0
14,9.0,120,8.0,1,1,1,1,0,0,0,1,1000.0
14,5.0,105,5.0,1,1,1,1,0,1,0,0,1900.0
14,3.0,110,5.0,1,1,1,1,0,1,0,0,2900.0
14,6.0,143,5.0,1,1,1,0,0,0,0,0,2150.0
14,6.0,93,4.0,1,1,1,1,0,1,0,0,2200.0
14,1.0,105,4.0,1,1,1,1,0,0,0,0,1400.0
14,2.0,120,3.0,1,1,1,0,0,0,0,0,1750.0
14,1.0,75,3.0,0,0,0,0,0,0,0,0,1280.0
14,5.0,100,4.0,1,1,1,0,0,0,0,0,2000.0
14,1.0,85,3.0,1,1,1,0,0,0,0,0,1800.0
14,3.0,73,3.0,1,1,1,0,0,0,0,0,1200.0
14,6.0,200,5.0,1,1,1,0,0,0,0,1,1265.0
14,6.0,96,4.0,1,1,1,1,0,1,0,0,1700.0
14,2.0,100,3.0,1,1,1,1,0,1,0,0,1330.0
14,6.0,119,3.0,1,1,1,1,0,1,0,1,1400.0
14,3.0,110,4.0,0,0,0,0,0,0,0,0,1280.0
14,1.0,130,4.0,0,0,0,0,0,0,0,0,2200.0
14,1.0,100,4.0,1,1,1,1,0,1,0,1,1500.0
14,5.0,132,6.0,1,1,1,1,0,1,0,0,2200.0
14,3.0,85,3.0,1,1,1,1,0,0,0,0,1650.0
14,1.0,90,4.0,1,1,1,1,0,1,0,0,1500.0
14,1.0,120,4.0,1,1,1,0,0,0,0,0,2150.0
14,6.0,130,4.0,0,0,0,1,0,0,0,0,1500.0
14,6.0,100,4.0,1,1,1,0,0,0,0,0,1200.0
14,6.0,110,4.0,1,1,1,1,0,1,0,0,1270.0
14,4.0,90,4.0,0,0,0,0,0,0,0,0,1500.0
14,1.0,65,3.0,0,0,0,1,0,0,0,0,1500.0
14,2.0,108,3.0,0,0,0,0,0,0,0,0,1350.0
14,1.0,168,4.0,1,1,1,0,1,0,0,1,1200.0
14,2.0,88,3.0,0,0,0,0,0,0,0,0,1300.0
14,4.0,120,4.0,1,1,1,0,0,0,0,0,1900.0
14,5.0,130,5.0,0,0,0,0,0,0,0,0,2500.0
14,2.0,90,4.0,1,1,1,0,0,0,0,0,2000.0
14,4.0,72,3.0,1,1,1,0,0,0,0,0,1800.0
14,4.0,100,3.0,1,1,1,0,0,0,0,0,1600.0
14,1.0,80,3.0,1,1,1,0,0,0,0,0,1600.0
14,5.0,226,6.0,1,1,1,0,0,0,0,0,2500.0
14,1.0,145,5.0,1,1,1,0,0,0,0,0,1970.0
14,2.0,140,5.0,1,1,1,0,0,0,0,1,1600.0
14,5.0,120,4.0,1,1,1,0,0,0,0,0,2200.0
14,1.0,100,4.0,1,1,1,0,0,0,0,0,2200.0
14,2.0,133,4.0,1,1,1,0,0,0,0,1,2250.0
14,4.0,100,3.0,1,1,1,0,0,0,0,1,1850.0
14,3.0,112,5.0,1,1,1,0,0,0,0,0,1800.0
14,5.0,120,5.0,1,1,1,0,0,0,0,0,3000.0
15,5.0,70,3.0,1,1,1,0,0,0,0,0,1600.0
15,2.0,70,3.0,1,1,1,0,0,0,0,0,1800.0
15,3.0,95,4.0,1,1,1,1,0,1,0,0,2250.0
15,5.0,100,4.0,1,1,1,0,0,0,0,0,2200.0
15,3.0,118,4.0,1,1,1,1,1,1,0,1,1800.0
15,3.0,113,4.0,1,1,1,1,0,0,0,1,1700.0
15,2.0,124,4.0,1,1,1,1,1,1,0,0,2300.0
15,5.0,88,4.0,1,1,1,0,0,0,0,0,1900.0
15,2.0,82,4.0,1,1,1,1,0,1,0,0,2100.0
15,2.0,94,4.0,1,1,1,1,0,1,0,0,1100.0
15,1.0,76,3.0,1,1,1,1,0,1,1,1,1700.0
15,4.0,150,5.0,1,1,1,0,0,0,0,0,3000.0
15,1.0,125,4.0,1,1,1,1,1,1,1,0,2200.0
15,5.0,90,4.0,1,1,1,1,0,1,0,0,2200.0
15,3.0,85,4.0,0,0,0,0,0,0,0,0,1800.0
15,1.0,132,4.0,1,1,1,1,1,1,0,0,1800.0
15,4.0,80,3.0,1,1,1,1,0,1,0,0,1750.0
15,5.0,155,5.0,1,1,1,0,0,0,0,0,2100.0
15,4.0,141,4.0,1,1,1,0,0,0,0,0,2100.0
15,2.0,86,4.0,1,1,1,0,0,0,0,0,2200.0
15,1.0,124,4.0,1,1,1,1,0,1,0,0,1750.0
15,1.0,78,3.0,1,1,1,1,0,0,0,0,1800.0
15,1.0,124,4.0,1,1,1,1,0,1,0,0,2200.0
15,2.0,100,4.0,1,1,1,0,0,0,0,0,2050.0
15,4.0,90,4.0,1,1,1,0,0,0,0,0,2300.0
15,1.0,86,4.0,1,1,1,0,1,0,0,0,2300.0
15,2.0,72,3.0,1,1,1,1,0,0,0,0,1600.0
15,3.0,70,3.0,1,1,1,0,0,0,1,0,1700.0
15,4.0,80,3.0,1,1,1,1,0,1,0,0,1700.0
15,3.0,65,3.0,1,1,1,1,0,1,1,0,1300.0
15,2.0,127,4.0,1,1,1,0,0,0,1,1,1700.0
15,2.0,124,4.0,1,1,1,0,0,1,0,0,1550.0
15,1.0,95,3.0,0,0,0,0,0,0,0,0,1250.0
15,3.0,94,3.0,1,1,1,0,0,0,0,0,1300.0
15,2.0,45,2.0,1,1,1,0,0,0,0,0,1100.0
15,1.0,80,3.0,1,1,1,0,0,0,0,0,1000.0
15,3.0,70,3.0,1,1,1,0,0,0,0,0,1600.0
15,1.0,68,3.0,1,1,1,0,0,0,0,0,1280.0
15,1.0,74,3.0,1,1,1,0,0,0,0,0,1150.0
15,1.0,70,3.0,1,1,1,0,0,0,0,0,1300.0
15,4.0,120,4.0,1,1,1,0,0,0,0,0,1500.0
15,2.0,125,4.0,1,1,1,0,1,0,0,0,1000.0
15,4.0,114,4.0,1,1,1,0,1,0,0,0,2200.0
15,1.0,75,3.0,1,1,1,0,0,0,0,0,1400.0
15,4.0,145,5.0,1,1,1,0,0,0,0,0,1200.0
15,5.0,200,6.0,1,1,1,0,0,0,0,0,1600.0
15,2.0,124,4.0,1,1,1,0,0,0,0,0,1800.0
16,1.0,67,4.0,1,1,1,1,0,0,0,0,2300.0
16,3.0,85,3.0,1,1,1,0,0,0,0,1,1250.0
16,2.0,200,5.0,0,0,0,1,0,0,0,0,2000.0
16,1.0,53,3.0,1,1,1,1,0,1,0,0,1500.0
16,4.0,120,5.0,1,1,1,0,0,0,0,0,2000.0
16,4.0,133,5.0,1,1,1,1,0,0,0,0,1800.0
17,3.0,90,3.0,1,1,1,0,1,0,0,0,1500.0
17,5.0,98,4.0,1,1,1,1,0,0,0,0,1000.0
17,1.0,130,5.0,1,1,1,1,1,1,0,0,1900.0
17,4.0,95,4.0,1,1,1,1,0,1,0,0,2200.0
17,4.0,150,4.0,1,1,1,1,0,1,0,0,2300.0
17,2.0,76,3.0,1,1,1,1,0,1,1,0,1000.0
17,10.0,74,3.0,1,1,1,0,0,0,0,0,1500.0
17,6.0,77,3.0,1,1,1,1,0,0,0,0,1200.0
17,1.0,150,4.0,1,1,1,0,0,0,0,1,1960.0
17,1.0,220,6.0,1,1,1,1,1,1,0,0,1250.0
17,1.0,70,3.0,1,1,1,1,0,1,0,0,1200.0
17,2.0,62,3.0,1,1,1,0,0,0,1,0,1500.0
17,1.0,170,4.0,1,1,1,1,0,1,0,1,1700.0
17,3.0,150,4.0,1,1,1,0,0,0,0,0,2150.0
17,3.0,110,4.0,1,1,1,1,0,1,0,1,1500.0
17,3.0,110,4.0,0,0,0,0,0,0,0,0,1400.0
17,1.0,78,3.0,1,1,1,1,0,1,0,0,1700.0
17,3.0,120,4.0,1,1,1,1,0,1,0,0,1600.0
17,6.0,145,4.0,1,1,1,1,0,1,0,0,2300.0
17,4.0,130,5.0,1,1,1,0,0,0,0,0,2360.0
17,2.0,121,5.0,1,1,1,1,1,1,0,1,2500.0
17,1.0,130,4.0,0,0,0,1,0,1,0,0,1550.0
17,1.0,105,4.0,1,1,1,1,0,0,0,0,1400.0
17,4.0,70,3.0,1,1,1,1,0,0,0,0,1400.0
17,1.0,105,4.0,1,1,1,1,0,0,0,0,1500.0
17,3.0,184,5.0,1,1,1,0,0,0,1,0,1900.0
17,3.0,73,2.0,1,0,0,1,0,0,0,1,1200.0
17,3.0,85,3.0,1,1,1,1,0,0,0,0,1600.0
17,1.0,150,5.0,1,1,1,1,0,1,0,0,3000.0
17,1.0,120,4.0,1,1,1,1,0,0,0,0,1500.0
17,2.0,140,5.0,1,1,1,1,1,1,0,1,2600.0
17,4.0,120,4.0,1,1,1,1,0,1,0,0,1900.0
17,3.0,90,4.0,1,1,1,1,0,0,0,0,2400.0
17,5.0,120,4.0,1,1,1,0,0,0,0,0,1300.0
17,1.0,115,4.0,1,1,1,1,1,0,0,0,1500.0
17,2.0,84,4.0,1,1,1,1,0,0,0,0,1400.0
17,3.0,115,4.0,1,1,1,1,0,1,0,1,1500.0
17,2.0,89,3.0,1,1,1,1,0,0,0,0,1500.0
17,5.0,127,4.0,1,1,1,0,0,0,0,0,2150.0
17,5.0,120,4.0,1,1,0,1,0,1,1,0,2400.0
17,1.0,140,4.0,1,1,1,1,0,1,0,1,1100.0
17,6.0,98,4.0,1,1,1,1,0,1,0,0,1700.0
17,1.0,96,4.0,1,1,1,1,1,1,0,0,1400.0
17,2.0,110,4.0,1,1,1,0,0,0,0,1,1200.0
17,3.0,70,3.0,1,1,1,1,0,1,0,0,1400.0
17,4.0,130,4.0,1,1,1,0,0,0,0,0,1400.0
17,3.0,115,4.0,1,1,1,1,0,0,0,0,1700.0
17,2.0,180,5.0,1,1,1,1,0,1,0,0,1450.0
17,5.0,103,3.0,1,1,1,1,0,0,0,0,1800.0
17,3.0,130,5.0,0,0,0,0,0,0,0,0,2500.0
17,2.0,100,4.0,1,1,1,1,0,0,0,0,1500.0
17,1.0,67,3.0,1,1,1,1,0,0,0,0,1500.0
17,3.0,130,4.0,1,1,1,0,0,0,0,0,1900.0
17,5.0,95,3.0,1,1,1,1,0,0,0,0,1400.0
17,1.0,80,3.0,1,1,1,1,0,0,0,0,1400.0
17,2.0,120,4.0,1,1,1,1,0,0,0,0,1400.0
17,5.0,80,3.0,1,1,1,1,0,0,0,0,1800.0
17,1.0,102,4.0,1,1,1,0,1,0,0,0,2350.0
17,4.0,116,4.0,1,1,1,0,0,0,0,0,1300.0
17,3.0,240,5.0,1,1,1,0,0,0,0,1,2250.0
17,1.0,110,4.0,1,1,1,1,0,1,0,0,1500.0
17,1.0,74,3.0,1,1,1,1,0,0,1,0,1700.0
17,9.0,80,3.0,1,1,1,1,0,0,0,0,1600.0
17,3.0,120,4.0,1,1,1,0,0,0,0,0,2400.0
17,2.0,130,4.0,1,1,1,1,0,1,0,0,1800.0
17,5.0,135,4.0,1,1,1,0,0,0,0,1,1400.0
17,2.0,85,3.0,1,1,1,1,0,1,1,0,1700.0
17,3.0,125,4.0,1,1,1,0,0,0,0,1,1700.0
17,1.0,110,4.0,1,1,1,1,0,0,0,0,1800.0
17,6.0,73,3.0,1,1,1,1,0,0,0,0,1400.0
17,5.0,120,4.0,1,1,1,0,0,0,0,0,1500.0
17,2.0,130,5.0,0,1,1,1,1,1,0,1,2700.0
17,1.0,130,5.0,1,1,1,1,0,0,0,0,1600.0
17,2.0,130,4.0,1,1,1,0,0,0,0,0,1700.0
17,2.0,130,4.0,1,1,1,0,0,0,0,0,1600.0
17,2.0,80,3.0,1,1,1,1,0,1,0,0,1500.0
17,2.0,65,3.0,1,1,1,1,0,1,0,0,1500.0
17,1.0,75,3.0,1,1,1,1,0,0,0,0,1200.0
17,3.0,77,3.0,1,1,1,1,0,0,1,0,1800.0
17,1.0,73,3.0,1,1,1,1,0,1,0,0,1800.0
17,1.0,125,4.0,1,1,1,0,0,0,0,1,1850.0
17,1.0,150,4.0,1,1,1,1,0,1,0,0,2000.0
17,5.0,120,4.0,1,1,1,0,1,0,0,0,2050.0
17,4.0,90,3.0,1,1,1,1,0,1,0,0,1350.0
17,4.0,135,4.0,1,1,1,1,0,0,0,0,2400.0
17,1.0,127,4.0,1,1,1,1,0,0,0,0,2000.0
17,3.0,156,4.0,1,1,1,1,0,1,0,0,2300.0
17,2.0,120,4.0,1,1,1,1,0,1,0,0,1900.0
17,6.0,120,4.0,0,1,1,1,0,0,0,0,1500.0
17,1.0,90,4.0,1,1,1,1,0,1,0,0,2000.0
17,2.0,120,4.0,1,1,1,1,0,1,0,0,2200.0
17,1.0,126,4.0,1,1,1,1,0,0,0,0,2000.0
17,2.0,75,3.0,1,1,1,1,0,0,0,0,1500.0
17,3.0,80,3.0,1,1,1,1,0,0,1,0,1500.0
17,5.0,106,4.0,1,1,1,1,0,0,0,0,2400.0
17,2.0,100,4.0,1,1,1,1,0,1,0,0,1900.0
17,2.0,117,5.0,1,1,1,1,0,1,0,0,2400.0
17,1.0,125,5.0,1,1,1,1,0,0,0,0,1900.0
17,6.0,168,5.0,1,1,1,0,0,0,0,0,2900.0
17,1.0,120,5.0,1,1,1,0,0,0,0,0,2700.0
17,1.0,96,4.0,1,1,1,1,0,0,0,0,1600.0
17,3.0,106,4.0,1,1,1,0,0,0,0,0,1450.0
17,1.0,100,4.0,1,1,1,0,1,0,0,0,2400.0
17,6.0,85,3.0,0,1,1,0,0,0,0,0,1800.0
17,4.0,108,3.0,1,1,1,1,0,1,0,0,1600.0
17,5.0,109,5.0,1,1,1,1,0,1,1,0,3000.0
17,1.0,89,3.0,1,1,1,0,0,0,0,0,1400.0
17,5.0,130,4.0,1,1,1,0,0,0,0,1,1400.0
17,4.0,135,4.0,0,0,0,0,0,0,0,0,2300.0
17,5.0,109,4.0,1,1,1,0,0,0,0,0,2300.0
17,1.0,100,4.0,1,1,1,0,0,0,0,0,2400.0
17,5.0,109,5.0,1,1,1,0,0,0,0,0,2500.0
17,3.0,138,5.0,1,1,1,0,0,0,0,0,3000.0
17,3.0,155,4.0,1,1,1,0,0,0,0,0,1400.0
17,2.0,110,4.0,1,1,1,0,0,0,0,0,2400.0
17,5.0,126,4.0,1,1,1,0,0,0,0,0,2200.0
17,1.0,105,4.0,1,1,1,0,0,0,0,0,2400.0
18,2.0,90,4.0,1,1,1,1,0,1,0,0,1900.0
18,3.0,101,3.0,1,1,1,1,0,0,0,0,1800.0
18,1.0,65,3.0,0,0,0,0,0,0,0,0,1400.0
18,2.0,139,4.0,0,1,1,1,0,1,0,0,1900.0
18,2.0,140,5.0,1,1,1,0,0,0,0,0,2700.0
18,3.0,120,4.0,1,1,1,0,0,0,0,0,1300.0
18,4.0,120,5.0,1,1,1,1,0,0,1,0,3000.0
18,2.0,110,4.0,1,1,1,0,1,0,0,1,2400.0
18,5.0,130,5.0,1,1,1,1,0,1,0,0,2500.0
18,3.0,79,4.0,1,1,1,1,0,0,0,0,2200.0
18,2.0,80,3.0,1,1,1,0,0,0,0,0,1800.0
18,2.0,75,3.0,1,1,1,0,0,0,0,0,1300.0
18,1.0,49,2.0,1,1,1,1,0,0,0,0,1200.0
18,1.0,120,4.0,1,1,1,0,0,0,0,0,2250.0
18,2.0,77,4.0,1,1,1,1,0,0,0,0,1900.0
18,3.0,90,4.0,1,1,1,0,0,0,0,0,2400.0
18,2.0,114,5.0,1,1,1,1,1,1,1,1,2400.0
18,2.0,98,4.0,1,1,1,1,0,0,0,0,1700.0
18,3.0,154,5.0,1,1,1,1,0,1,0,0,2700.0
18,2.0,110,3.0,1,0,1,0,0,0,0,0,1400.0
18,2.0,125,4.0,0,1,1,0,0,0,1,1,1600.0
18,1.0,53,2.0,1,1,1,1,0,0,0,0,1200.0
18,1.0,40,3.0,1,1,1,1,0,1,0,0,1800.0
18,1.0,120,4.0,1,1,1,0,0,0,0,0,1600.0
18,3.0,100,3.0,1,1,1,0,0,0,0,0,1700.0
18,2.0,120,5.0,1,1,1,0,0,0,0,0,2500.0
18,1.0,90,4.0,1,1,1,0,0,0,0,0,1000.0
18,2.0,80,3.0,1,1,1,0,0,0,0,0,1600.0
18,1.0,40,3.0,1,1,1,1,0,0,0,0,1450.0
18,5.0,100,4.0,1,1,1,0,0,0,0,0,2280.0
18,4.0,74,3.0,1,1,1,0,0,0,0,0,1800.0
18,1.0,100,4.0,1,1,1,1,0,1,0,1,2000.0
18,3.0,100,3.0,1,1,1,0,0,0,0,0,1400.0
18,4.0,117,5.0,1,1,1,0,0,0,0,0,1250.0
18,3.0,80,3.0,1,1,1,1,0,0,0,0,1200.0
18,1.0,67,3.0,1,1,1,1,0,0,0,0,1100.0
18,5.0,91,3.0,1,1,1,0,0,0,0,0,1800.0
18,2.0,117,5.0,1,1,1,0,1,0,0,0,2000.0
18,1.0,71,3.0,1,1,1,0,0,0,0,0,1350.0
19,1.0,123,4.0,1,1,0,1,1,1,0,1,2000.0
19,1.0,72,4.0,1,1,1,0,0,0,0,0,2000.0
20,2.0,80,3.0,1,1,1,1,0,0,0,0,1700.0
20,2.0,120,5.0,1,1,1,1,0,1,0,0,1500.0
20,1.0,108,3.0,1,1,1,1,0,0,0,0,1600.0
20,1.0,108,4.0,1,1,1,1,0,1,0,1,2350.0
20,2.0,110,5.0,1,1,1,1,0,1,0,0,2000.0
20,1.0,70,3.0,1,1,1,1,0,0,0,0,1450.0
20,4.0,190,5.0,1,1,1,0,0,0,0,1,1200.0
20,6.0,85,4.0,1,1,1,1,0,0,0,0,1900.0
20,5.0,127,5.0,1,1,1,0,0,0,0,0,2100.0
20,2.0,122,5.0,1,1,1,1,0,0,0,0,1850.0
20,3.0,70,3.0,0,1,1,1,1,0,1,0,1600.0
20,2.0,104,5.0,1,1,1,1,0,0,0,1,2000.0
20,2.0,122,5.0,1,1,1,1,0,0,0,0,2700.0
20,3.0,75,3.0,1,1,1,1,0,0,0,0,1500.0
20,1.0,80,3.0,1,1,1,1,0,1,1,1,1600.0
20,4.0,200,4.0,1,1,1,1,0,0,0,0,2200.0
20,3.0,100,4.0,1,1,1,1,0,0,0,0,1500.0
20,1.0,120,4.0,0,0,0,1,0,0,0,0,1500.0
20,1.0,220,7.0,1,1,1,0,1,0,0,1,3000.0
20,4.0,150,4.0,1,1,1,1,0,0,0,0,1800.0
20,4.0,154,4.0,1,1,1,0,0,0,0,1,1950.0
20,2.0,70,3.0,1,1,0,1,1,0,0,0,1200.0
20,2.0,150,5.0,1,1,1,1,0,1,0,0,2200.0
20,1.0,120,4.0,1,1,1,1,0,0,0,1,1400.0
20,3.0,75,3.0,1,1,1,1,0,1,0,0,1800.0
20,10.0,107,4.0,1,1,1,1,0,0,0,1,1200.0
20,2.0,180,5.0,1,1,1,1,0,0,0,1,2200.0
20,5.0,80,3.0,1,1,1,1,0,0,0,0,1400.0
20,4.0,212,7.0,1,1,1,0,0,0,0,0,1250.0
20,2.0,97,5.0,1,1,1,1,0,0,0,0,1650.0
20,1.0,162,5.0,1,1,1,1,0,0,0,1,2000.0
20,2.0,80,3.0,1,1,1,1,0,0,0,0,1600.0
20,1.0,156,5.0,1,1,1,1,0,0,0,0,1200.0
20,1.0,101,3.0,1,1,1,0,0,0,0,0,1500.0
20,3.0,70,3.0,1,1,1,0,0,0,0,0,1400.0
20,1.0,125,5.0,1,1,1,1,0,1,0,1,1500.0
20,4.0,90,3.0,1,1,1,1,0,0,1,0,1500.0
20,11.0,110,4.0,1,1,1,1,0,0,0,0,1500.0
20,2.0,150,4.0,1,1,1,0,0,0,0,1,1650.0
20,1.0,45,2.0,1,1,1,1,0,0,0,0,1200.0
20,4.0,75,3.0,1,1,1,1,0,0,0,0,1200.0
20,2.0,73,3.0,1,1,1,1,0,0,0,0,1700.0
20,2.0,92,4.0,1,1,1,0,0,1,0,0,1300.0
20,2.0,52,3.0,1,1,1,1,0,0,1,0,1700.0
20,1.0,80,3.0,1,1,1,0,0,0,0,0,1300.0
20,1.0,51,2.0,1,1,1,1,0,0,0,1,1000.0
20,1.0,70,3.0,1,1,1,0,0,0,0,0,1500.0
20,1.0,74,3.0,1,1,1,0,0,0,0,0,1700.0
20,11.0,156,5.0,1,1,1,1,0,0,0,0,1000.0
20,2.0,83,3.0,1,1,1,1,0,0,1,0,1300.0
20,5.0,120,3.0,1,1,1,1,0,0,0,0,1700.0
20,1.0,90,3.0,1,1,1,0,0,0,0,0,1000.0
20,1.0,135,4.0,1,1,1,0,0,0,0,0,1500.0
20,4.0,95,3.0,1,1,1,1,0,1,0,0,1700.0
20,3.0,100,4.0,1,1,1,1,0,1,0,1,1000.0
20,6.0,75,3.0,0,0,0,0,0,0,0,1,1300.0
20,1.0,110,4.0,1,1,1,0,0,0,1,0,1700.0
20,1.0,190,5.0,1,1,1,0,0,0,0,0,1000.0
20,3.0,162,5.0,1,1,1,0,0,0,0,0,1100.0
20,3.0,80,3.0,0,0,0,1,0,0,0,0,1500.0
20,2.0,110,4.0,1,1,1,0,0,0,0,0,1900.0
20,1.0,73,3.0,1,1,1,0,0,0,0,0,1500.0
20,1.0,80,3.0,1,1,1,1,0,0,0,0,1450.0
20,2.0,180,5.0,1,1,1,1,0,0,0,1,1200.0
20,5.0,79,3.0,1,1,1,0,0,0,0,0,1100.0
20,4.0,95,3.0,1,1,1,1,0,1,0,0,1600.0
20,2.0,163,5.0,0,0,0,0,0,0,0,0,2800.0
20,5.0,128,5.0,1,1,1,0,0,0,0,0,2200.0
21,3.0,104,4.0,1,1,1,1,0,0,0,0,2100.0
21,3.0,50,3.0,1,1,1,0,0,0,0,0,1830.0
21,2.0,68,4.0,1,1,1,0,0,0,0,0,2000.0
22,2.0,120,4.0,1,1,1,0,0,0,0,1,1750.0
22,3.0,115,4.0,1,1,1,0,0,0,0,1,2300.0
22,2.0,108,4.0,1,1,1,1,0,0,1,0,1650.0
22,1.0,104,4.0,1,1,1,0,0,0,0,1,1200.0
22,3.0,85,3.0,1,1,1,0,0,0,0,0,1250.0
22,5.0,170,5.0,1,1,1,0,1,0,0,1,1300.0
22,3.0,120,3.0,1,1,1,0,1,0,0,1,1350.0
22,1.0,106,4.0,1,1,1,0,1,0,1,1,1650.0
22,1.0,105,4.0,1,1,1,1,0,0,1,1,2000.0
22,2.0,80,3.0,1,1,1,1,0,0,0,0,1200.0
22,3.0,117,4.0,1,1,1,1,0,1,0,1,1400.0
22,2.0,95,3.0,1,1,1,0,0,1,0,1,1700.0
22,2.0,126,4.0,1,1,1,1,0,1,0,0,1500.0
22,2.0,125,4.0,1,1,1,1,0,0,0,1,1290.0
22,2.0,80,3.0,0,0,0,0,0,0,0,0,1400.0
22,1.0,120,5.0,1,1,1,1,0,1,0,0,1200.0
22,4.0,75,2.0,1,1,1,0,0,0,0,0,1000.0
22,1.0,115,4.0,1,1,1,1,0,1,0,1,1300.0
22,8.0,123,3.0,1,1,1,0,0,0,0,0,1600.0
22,8.0,123,3.0,1,1,1,1,0,1,1,0,1520.0
22,6.0,135,3.0,1,1,1,1,0,1,0,1,1620.0
22,5.0,68,3.0,1,1,1,1,0,0,0,0,1200.0
22,1.0,75,3.0,1,1,1,1,0,1,0,1,1250.0
22,2.0,80,3.0,1,1,1,1,0,1,0,0,1300.0
22,9.0,130,5.0,1,1,1,1,1,1,0,1,1050.0
22,10.0,88,2.0,1,1,1,0,0,0,1,0,1000.0
22,1.0,97,3.0,1,1,1,1,0,1,0,1,1300.0
22,7.0,137,4.0,1,1,1,1,0,0,1,1,1250.0
22,7.0,138,5.0,1,1,1,1,1,1,0,1,1200.0
22,3.0,139,4.0,1,1,1,1,1,1,0,1,1400.0
22,1.0,75,3.0,1,1,1,1,0,0,0,0,1250.0
22,3.0,97,3.0,1,1,1,0,1,0,0,1,1450.0
22,1.0,120,4.0,1,1,1,1,0,1,0,1,1200.0
22,7.0,138,5.0,1,1,1,1,1,1,0,1,1200.0
22,4.0,120,3.0,1,1,1,1,0,1,0,1,1200.0
22,3.0,128,4.0,0,0,0,0,0,0,0,0,1700.0
22,4.0,130,4.0,1,1,1,0,0,0,1,1,1500.0
22,2.0,100,4.0,1,1,1,1,0,0,0,1,1500.0
22,5.0,170,5.0,1,1,1,0,1,0,0,1,3000.0
22,3.0,100,4.0,1,1,1,1,0,1,1,1,2000.0
22,4.0,118,5.0,0,0,0,0,0,0,0,0,1300.0
22,2.0,80,3.0,1,1,1,1,0,1,1,0,1400.0
22,3.0,80,3.0,1,1,0,1,1,1,0,0,1350.0
22,1.0,105,4.0,1,1,1,1,0,0,0,0,1600.0
22,1.0,80,3.0,1,1,1,1,0,1,1,1,1500.0
22,2.0,99,4.0,1,1,1,0,0,0,0,1,1500.0
22,7.0,123,4.0,1,1,1,0,0,0,0,0,1100.0
22,3.0,90,3.0,1,1,1,0,0,0,0,1,1050.0
22,7.0,123,4.0,1,1,1,1,0,0,0,0,1200.0
22,1.0,145,5.0,1,1,1,1,0,1,0,0,1350.0
22,3.0,116,4.0,1,1,1,1,0,1,0,1,2000.0
22,2.0,115,4.0,1,1,1,1,1,1,1,1,1400.0
22,4.0,115,4.0,1,1,1,1,0,1,0,1,1050.0
22,1.0,128,4.0,1,1,1,1,0,1,0,1,2400.0
22,3.0,135,4.0,1,1,1,1,0,1,1,0,2200.0
22,3.0,90,3.0,1,1,1,0,0,0,0,1,1050.0
22,6.0,156,4.0,1,1,1,1,1,0,0,1,1800.0
22,3.0,130,3.0,1,1,1,1,0,1,0,1,1500.0
22,1.0,105,4.0,1,1,1,0,0,1,0,0,2300.0
22,1.0,80,3.0,1,1,1,0,1,0,1,1,1500.0
22,3.0,78,3.0,0,0,0,1,0,1,0,0,1250.0
22,2.0,106,4.0,1,1,1,1,0,1,0,1,1100.0
22,2.0,130,4.0,1,1,1,0,0,0,0,1,2000.0
22,8.0,188,5.0,1,1,1,0,0,0,0,1,1900.0
22,5.0,99,3.0,1,1,1,0,0,0,0,1,1500.0
22,6.0,120,4.0,1,1,1,1,0,1,0,1,1800.0
22,3.0,65,3.0,1,1,1,0,0,1,0,0,1200.0
22,2.0,120,4.0,1,1,1,1,0,0,0,0,1300.0
22,1.0,178,3.0,1,1,1,0,0,0,1,0,1200.0
22,1.0,123,4.0,1,1,1,0,0,0,0,1,1500.0
22,2.0,104,4.0,1,1,1,0,0,0,0,1,2000.0
22,5.0,120,3.0,1,0,1,1,0,1,1,1,1200.0
22,2.0,123,4.0,1,1,1,0,0,0,0,1,2300.0
22,4.0,110,4.0,1,1,1,1,0,1,0,0,1350.0
22,3.0,120,5.0,1,1,1,1,0,0,0,0,1500.0
22,2.0,121,4.0,1,1,1,1,0,1,0,0,1500.0
22,2.0,128,4.0,1,1,1,0,1,0,0,0,1900.0
22,5.0,123,3.0,1,1,1,1,0,0,0,1,1300.0
22,3.0,107,3.0,1,1,1,0,1,0,0,0,1750.0
22,2.0,132,4.0,1,1,1,0,1,0,0,0,1900.0
22,4.0,105,4.0,1,1,1,1,0,1,0,1,1500.0
22,7.0,160,4.0,1,1,1,1,0,1,0,1,2200.0
22,5.0,122,3.0,1,1,1,1,0,1,0,1,1500.0
22,4.0,115,4.0,1,1,1,1,0,1,0,1,1000.0
22,7.0,138,5.0,1,1,0,1,1,0,0,1,1700.0
22,4.0,85,3.0,1,1,1,0,0,0,0,0,1850.0
22,1.0,130,5.0,1,1,1,1,0,1,0,0,1800.0
22,1.0,100,4.0,1,1,1,1,0,1,0,0,2200.0
22,2.0,120,4.0,1,1,1,1,0,0,0,1,1300.0
22,4.0,160,5.0,1,1,1,0,0,0,1,1,1800.0
22,6.0,230,4.0,1,1,1,1,1,1,0,1,1350.0
22,2.0,108,4.0,1,1,1,0,0,0,0,0,2300.0
22,3.0,120,4.0,1,1,1,1,1,1,0,1,1500.0
22,3.0,125,4.0,1,1,1,1,0,0,0,1,2000.0
22,1.0,110,4.0,1,1,1,1,0,0,0,1,1900.0
22,1.0,130,4.0,1,1,1,0,0,0,1,1,2000.0
22,8.0,162,5.0,1,1,1,1,1,0,0,0,1500.0
22,4.0,70,4.0,1,1,1,0,0,0,0,0,1500.0
22,2.0,138,4.0,1,1,1,1,0,1,0,1,1400.0
22,4.0,154,4.0,1,1,1,0,0,0,0,0,1600.0
22,3.0,110,4.0,0,0,0,0,0,0,0,0,1700.0
22,1.0,104,3.0,1,1,1,0,0,0,0,0,1700.0
22,6.0,212,5.0,1,1,1,0,0,0,0,0,1400.0
22,3.0,145,5.0,1,1,1,0,1,0,0,0,2400.0
22,3.0,114,5.0,1,1,1,0,0,0,0,1,2250.0
22,3.0,129,4.0,1,1,1,0,0,0,0,0,1200.0
22,1.0,153,4.0,1,1,1,0,0,0,0,0,1000.0
22,2.0,70,3.0,1,1,1,1,0,1,0,0,1300.0
22,1.0,120,5.0,1,1,1,0,0,0,0,0,1250.0
22,3.0,150,5.0,1,1,1,1,0,1,0,1,1700.0
22,8.0,162,5.0,1,1,1,1,1,0,0,0,2300.0
22,4.0,134,4.0,1,1,1,0,0,0,0,0,2400.0
22,2.0,115,4.0,1,1,1,0,0,0,0,0,1900.0
22,1.0,70,4.0,1,1,1,0,0,0,0,0,2450.0
22,2.0,109,4.0,1,1,1,0,0,0,0,0,1600.0
22,1.0,102,3.0,1,1,1,0,0,0,0,0,1200.0
22,3.0,120,4.0,1,1,1,1,0,0,0,0,1600.0
22,3.0,114,5.0,1,1,1,0,0,0,0,1,2400.0
22,4.0,138,5.0,1,1,1,0,1,0,0,1,1900.0
22,1.0,105,4.0,1,1,1,1,0,1,0,0,2200.0
22,2.0,125,4.0,1,1,1,0,0,0,0,1,1300.0
22,2.0,120,4.0,1,1,1,1,0,1,0,1,2050.0
22,3.0,147,5.0,1,1,1,0,0,0,0,1,2100.0
22,1.0,135,5.0,1,1,1,0,0,0,0,1,2200.0
22,4.0,166,5.0,1,1,1,1,0,1,0,1,1700.0
22,4.0,166,5.0,1,1,1,0,1,0,0,0,2500.0
22,2.0,100,4.0,1,1,1,0,0,0,0,0,1200.0
22,3.0,110,4.0,1,1,1,1,0,1,1,0,1200.0
22,6.0,140,5.0,1,1,1,1,1,1,0,0,1400.0
22,3.0,120,4.0,1,1,1,1,0,0,0,0,2300.0
22,1.0,107,4.0,1,1,1,0,0,0,0,1,1400.0
22,1.0,100,4.0,0,0,0,0,0,0,0,0,2400.0
22,1.0,110,4.0,1,1,1,1,0,1,0,0,1800.0
22,1.0,157,5.0,1,1,1,1,0,0,0,0,1600.0
22,1.0,133,4.0,1,1,1,1,0,0,0,0,2200.0
22,1.0,155,5.0,1,1,1,1,0,1,0,1,2100.0
22,1.0,92,4.0,0,0,0,0,0,0,0,1,2250.0
22,2.0,115,4.0,1,1,1,1,0,1,0,1,1400.0
22,4.0,200,5.0,1,1,1,0,0,0,0,0,2700.0
22,3.0,136,4.0,1,1,1,0,0,0,0,0,2300.0
22,1.0,119,4.0,1,1,1,0,0,0,0,0,2200.0
22,3.0,120,4.0,1,1,1,0,1,0,0,1,1800.0
22,1.0,90,1.0,1,1,1,1,0,1,0,0,2300.0
22,4.0,165,5.0,1,1,1,1,1,1,0,1,3000.0
22,3.0,127,4.0,1,1,1,1,0,1,0,1,1200.0
22,1.0,95,3.0,1,1,1,1,0,1,0,1,1000.0
22,5.0,240,5.0,1,1,1,1,1,1,0,1,1400.0
22,1.0,104,3.0,1,1,1,1,0,1,0,1,1500.0
22,4.0,85,4.0,1,1,1,0,0,0,0,0,1100.0
22,1.0,115,4.0,1,1,0,1,1,0,0,1,2300.0
22,1.0,120,4.0,1,1,1,1,0,1,1,1,1400.0
22,1.0,80,3.0,1,1,1,0,0,0,0,1,1200.0
22,2.0,110,4.0,1,1,1,0,0,0,0,0,1600.0
22,4.0,126,4.0,0,0,0,0,0,0,0,0,1950.0
22,5.0,120,4.0,1,1,1,0,0,0,0,0,1100.0
22,3.0,70,3.0,0,0,0,1,0,1,0,0,1500.0
22,4.0,164,4.0,1,1,1,1,0,1,0,1,2200.0
22,2.0,150,5.0,1,1,1,0,0,0,0,0,2300.0
22,4.0,145,5.0,1,1,1,0,1,0,1,1,1500.0
22,4.0,120,5.0,1,1,1,0,0,0,0,0,1600.0
22,1.0,150,5.0,1,1,1,1,0,1,1,1,2100.0
22,1.0,115,4.0,1,1,1,1,0,1,0,0,2180.0
22,3.0,86,3.0,1,1,1,1,0,1,0,1,1650.0
22,3.0,140,4.0,1,1,1,1,0,1,0,1,2200.0
22,1.0,105,3.0,1,1,1,1,1,0,0,1,1800.0
22,5.0,118,4.0,0,1,1,1,0,1,0,1,2000.0
22,3.0,105,4.0,0,0,0,0,0,0,0,0,1700.0
22,2.0,80,3.0,1,1,1,1,0,1,0,0,1600.0
22,2.0,80,3.0,1,1,1,1,0,1,0,0,1450.0
22,4.0,85,4.0,1,1,1,1,0,1,0,0,1700.0
22,1.0,150,4.0,1,1,1,0,1,0,0,0,1600.0
22,8.0,138,4.0,0,0,0,0,0,0,0,0,1500.0
22,3.0,126,4.0,1,1,1,0,1,0,0,1,2000.0
22,6.0,129,4.0,1,1,1,0,1,0,0,1,2300.0
22,4.0,159,5.0,1,1,1,0,0,0,0,0,1400.0
22,1.0,125,4.0,1,1,1,0,0,0,1,1,2100.0
22,7.0,125,4.0,1,1,1,0,1,0,0,1,2000.0
22,4.0,134,4.0,1,1,1,0,0,0,0,1,2100.0
22,7.0,140,4.0,0,1,1,0,0,0,0,0,2450.0
22,1.0,80,4.0,1,1,1,0,0,0,0,0,2250.0
22,1.0,100,4.0,1,1,1,0,0,0,0,1,1500.0
22,2.0,150,5.0,1,1,1,0,0,0,0,0,2700.0
22,2.0,109,4.0,1,1,1,0,0,0,0,0,2400.0
22,2.0,70,4.0,1,1,1,0,0,0,0,0,2300.0
22,7.0,135,4.0,1,1,1,0,0,0,0,1,2400.0
22,1.0,138,5.0,1,1,1,0,0,0,1,1,2900.0
22,3.0,130,4.0,1,1,1,0,0,0,0,1,1850.0
22,2.0,82,4.0,1,1,1,0,0,0,0,1,2200.0
22,4.0,135,4.0,1,1,1,0,0,0,0,1,1800.0
22,7.0,138,4.0,1,1,1,0,0,0,0,1,1600.0
22,1.0,120,4.0,1,1,1,0,0,0,0,0,1300.0
22,3.0,126,4.0,1,1,1,0,0,0,0,0,1500.0
22,1.0,107,4.0,1,1,1,0,1,0,1,0,1400.0
22,10.0,130,4.0,1,1,1,0,1,0,0,1,1500.0
22,3.0,90,4.0,1,1,0,0,0,0,0,1,2300.0
22,6.0,130,4.0,1,1,1,0,1,0,0,1,1900.0
22,5.0,130,5.0,1,1,1,0,0,0,0,0,2100.0
22,2.0,154,4.0,1,1,1,0,0,0,0,1,1400.0
22,2.0,130,4.0,1,1,1,0,0,0,0,0,1700.0
22,1.0,108,4.0,1,1,1,0,0,0,0,1,1100.0
22,1.0,89,3.0,1,1,1,0,0,0,0,1,1100.0
22,1.0,131,4.0,1,1,1,0,0,0,0,1,1050.0
22,1.0,95,4.0,1,1,1,0,0,0,0,1,1350.0
22,2.0,64,3.0,1,1,1,0,0,0,0,0,1100.0
22,1.0,70,3.0,1,1,1,0,0,0,0,0,1550.0
22,2.0,2,2.0,1,1,1,1,0,1,0,0,1200.0
22,3.0,140,4.0,1,1,1,0,0,0,0,0,1500.0
22,3.0,100,4.0,1,1,1,0,0,0,0,0,1100.0
22,3.0,110,3.0,1,1,1,0,0,0,0,1,1300.0
22,3.0,81,3.0,1,1,1,0,0,0,0,1,1550.0
22,2.0,110,4.0,0,0,0,0,0,0,0,0,1100.0
22,3.0,120,4.0,1,1,1,0,0,0,0,1,1350.0
22,1.0,85,3.0,1,1,1,0,0,0,1,1,1200.0
22,1.0,100,4.0,1,1,1,0,0,0,0,0,1000.0
22,5.0,70,3.0,1,1,1,0,0,0,0,0,1500.0
22,8.0,110,4.0,1,1,1,0,0,0,0,1,1600.0
22,3.0,110,4.0,1,1,1,0,0,0,0,1,1300.0
22,1.0,70,3.0,1,1,1,0,0,0,0,1,1300.0
22,1.0,75,3.0,1,1,1,0,0,0,0,0,1200.0
22,4.0,131,5.0,1,1,1,0,0,0,1,1,1550.0
22,2.0,130,4.0,1,1,1,0,0,0,0,0,1500.0
22,3.0,75,3.0,1,1,1,0,0,0,0,0,1100.0
22,2.0,120,5.0,1,1,1,0,0,0,0,0,1600.0
23,1.0,76,3.0,1,1,1,1,0,1,1,0,1800.0
23,2.0,79,3.0,1,1,1,1,1,1,0,0,1700.0
23,1.0,70,4.0,1,1,1,0,0,0,0,0,1300.0
23,1.0,72,3.0,1,1,1,0,0,1,0,0,1150.0
23,2.0,76,3.0,1,1,1,1,0,0,0,0,1200.0
23,1.0,78,4.0,1,1,1,1,0,1,0,0,1500.0
23,2.0,68,3.0,1,1,1,1,0,0,0,0,1250.0
23,2.0,90,4.0,1,1,1,1,0,0,0,0,1400.0
23,2.0,54,3.0,1,1,1,1,0,1,0,0,1500.0
23,2.0,140,4.0,1,1,1,0,1,0,0,1,1000.0
23,1.0,76,4.0,1,1,1,1,0,0,0,0,1800.0
23,5.0,120,4.0,1,1,1,1,0,0,1,0,1800.0
23,1.0,96,4.0,0,0,0,1,0,0,0,0,1800.0
23,3.0,56,3.0,1,1,1,1,0,0,0,0,1700.0
23,3.0,70,4.0,1,1,1,1,0,0,0,0,1300.0
23,2.0,85,3.0,1,1,1,1,0,0,0,0,1600.0
23,2.0,104,5.0,1,1,1,0,0,0,0,0,1700.0
23,2.0,126,3.0,1,1,1,0,1,0,0,1,1600.0
23,1.0,120,4.0,1,1,1,0,0,0,0,1,2300.0
23,3.0,72,3.0,1,1,1,0,0,0,0,0,1500.0
23,1.0,48,2.0,1,1,1,0,0,0,0,0,1200.0
23,2.0,127,4.0,1,1,1,0,0,0,0,0,1300.0
23,1.0,70,3.0,1,1,1,0,0,0,0,0,1300.0
24,5.0,115,4.0,1,1,1,1,0,0,0,1,1950.0
24,1.0,225,3.0,1,1,1,0,0,0,0,0,1800.0
24,3.0,72,3.0,1,1,1,1,0,1,0,1,1600.0
24,3.0,75,3.0,1,1,1,1,0,0,0,1,1800.0
24,3.0,120,5.0,1,1,1,1,0,1,0,0,1300.0
24,4.0,90,4.0,1,1,1,0,0,0,0,0,1450.0
24,3.0,95,4.0,1,1,1,0,1,0,0,1,2350.0
24,3.0,90,4.0,1,1,1,1,0,1,0,1,1800.0
24,5.0,80,4.0,1,1,1,0,0,0,0,0,1600.0
24,1.0,96,4.0,1,1,1,1,0,0,0,1,1650.0
24,5.0,127,4.0,0,0,0,0,0,0,0,0,2200.0
24,1.0,90,4.0,1,1,1,1,0,1,0,1,1650.0
24,1.0,95,2.0,1,1,1,1,0,0,0,0,1200.0
24,6.0,120,5.0,1,1,1,1,0,1,0,0,2550.0
24,1.0,80,3.0,1,1,1,0,0,0,0,0,1000.0
24,7.0,120,4.0,1,1,1,0,0,0,0,0,2100.0
24,2.0,150,5.0,1,1,1,0,0,0,0,0,1600.0
24,7.0,110,4.0,1,1,0,0,0,0,0,0,2400.0
24,4.0,150,5.0,1,1,1,0,0,0,0,1,1400.0
24,3.0,90,4.0,1,1,1,1,0,0,0,0,1800.0
24,1.0,85,4.0,1,1,1,0,1,0,1,0,1900.0
24,5.0,110,3.0,1,1,1,1,0,1,0,0,1570.0
24,3.0,124,5.0,1,1,1,0,0,0,0,0,2600.0
24,2.0,108,5.0,0,0,0,0,0,1,0,0,1000.0
24,5.0,90,4.0,0,0,0,0,0,0,0,0,1200.0
24,2.0,132,4.0,1,1,1,0,0,0,0,0,1700.0
24,3.0,100,4.0,1,1,1,1,0,1,0,0,2100.0
24,5.0,80,4.0,1,1,1,0,0,0,0,0,1700.0
24,1.0,39,2.0,0,0,0,1,0,1,0,0,1050.0
24,3.0,150,5.0,1,1,1,0,0,0,1,1,2000.0
24,5.0,80,4.0,1,1,0,0,0,0,0,0,1500.0
24,2.0,135,4.0,1,1,1,0,0,0,1,1,1700.0
24,1.0,75,3.0,1,1,1,1,1,1,0,1,1350.0
24,4.0,70,3.0,1,1,1,1,0,1,0,0,1800.0
24,4.0,78,3.0,1,1,1,0,0,0,0,0,1400.0
24,2.0,85,3.0,1,1,1,0,0,0,0,0,1200.0
24,2.0,100,4.0,1,1,1,1,1,1,0,0,1000.0
24,3.0,60,3.0,0,0,0,0,0,0,0,0,1300.0
24,3.0,125,4.0,1,1,1,0,0,0,0,0,1700.0
24,2.0,130,5.0,1,1,1,1,0,0,0,0,2000.0
24,3.0,110,4.0,1,1,1,0,0,0,0,0,2200.0
24,5.0,94,4.0,1,1,1,0,0,0,0,0,1500.0
24,1.0,68,3.0,1,1,1,0,0,0,0,0,1800.0
25,1.0,117,4.0,1,1,1,1,1,1,1,1,1000.0
25,1.0,210,5.0,1,1,1,1,0,1,0,1,2900.0
25,4.0,90,4.0,1,1,1,1,0,1,0,0,2400.0
25,5.0,118,4.0,1,0,1,1,0,1,0,1,1750.0
25,3.0,80,4.0,1,1,1,1,0,0,0,0,1200.0
25,3.0,250,4.0,1,1,1,1,0,1,0,1,1200.0
25,4.0,116,4.0,1,1,1,1,0,1,0,1,2200.0
25,1.0,107,3.0,1,1,1,0,0,0,0,1,1500.0
25,1.0,80,4.0,0,0,0,0,0,0,0,0,1550.0
25,2.0,180,5.0,1,1,1,0,1,0,0,0,2200.0
25,3.0,170,4.0,1,1,1,1,0,1,0,1,2100.0
25,1.0,160,5.0,1,1,1,1,1,1,1,1,2700.0
25,4.0,90,4.0,1,0,1,1,0,1,0,0,2000.0
25,3.0,90,4.0,1,1,1,1,0,1,0,0,1200.0
25,2.0,110,4.0,0,0,0,0,0,0,0,0,1550.0
25,3.0,96,4.0,1,1,1,0,0,0,0,0,1100.0
25,1.0,132,4.0,1,1,1,1,0,1,0,1,1800.0
25,3.0,116,3.0,1,1,1,1,0,1,0,1,1470.0
25,2.0,90,4.0,1,1,1,1,0,1,0,0,1880.0
25,4.0,90,4.0,1,1,1,1,0,0,1,0,1500.0
25,2.0,185,5.0,1,1,1,1,1,1,0,1,1500.0
25,3.0,120,3.0,0,0,0,1,0,1,0,1,1470.0
25,2.0,168,5.0,1,1,1,1,0,1,0,1,1500.0
25,2.0,125,5.0,1,1,1,1,0,1,0,0,1570.0
25,4.0,120,5.0,1,1,1,1,0,0,0,0,1500.0
25,3.0,126,4.0,1,1,1,1,1,1,0,1,1400.0
25,3.0,102,3.0,1,1,1,1,0,1,0,0,1300.0
25,1.0,90,4.0,1,1,1,1,0,0,0,0,1500.0
25,3.0,90,4.0,1,1,1,0,0,0,0,0,1800.0
25,2.0,90,4.0,1,1,1,1,0,1,0,0,1200.0
25,1.0,80,3.0,1,1,1,0,0,0,0,0,1350.0
25,3.0,220,5.0,1,1,1,1,0,1,1,1,1200.0
25,2.0,220,6.0,1,1,1,1,0,1,1,0,1200.0
25,3.0,89,4.0,0,0,0,1,0,1,0,0,1200.0
25,3.0,65,3.0,1,1,1,1,0,1,1,0,1200.0
25,2.0,98,4.0,1,1,1,1,0,1,1,0,1000.0
25,3.0,78,3.0,1,1,1,1,0,1,0,0,1000.0
25,1.0,100,4.0,1,1,1,1,0,0,0,0,2200.0
25,2.0,125,4.0,1,1,1,1,0,1,0,0,1100.0
25,3.0,147,4.0,1,1,1,1,1,1,0,1,1680.0
25,3.0,80,4.0,0,0,0,0,0,0,0,0,1500.0
25,3.0,80,3.0,1,1,1,1,0,1,0,0,1100.0
25,4.0,95,4.0,1,1,1,1,0,1,0,0,2200.0
25,1.0,100,3.0,0,0,0,0,0,0,0,0,1300.0
25,4.0,82,3.0,0,0,0,0,0,0,0,0,1100.0
25,4.0,100,3.0,1,1,1,1,0,1,0,0,1000.0
25,4.0,140,3.0,1,1,1,1,0,1,0,0,1500.0
25,4.0,95,4.0,1,1,1,1,0,1,0,0,1150.0
25,3.0,95,3.0,1,1,1,1,0,1,0,1,1420.0
25,4.0,75,3.0,1,1,1,0,0,0,0,0,1280.0
25,2.0,144,4.0,1,1,1,0,0,0,1,1,1330.0
25,5.0,80,3.0,1,1,1,1,0,1,0,0,1500.0
25,1.0,75,3.0,1,1,1,1,0,1,0,0,1500.0
25,1.0,140,4.0,1,1,1,1,0,0,0,1,1300.0
25,5.0,68,3.0,1,1,1,0,0,0,1,0,1200.0
25,3.0,135,2.0,1,1,1,1,0,1,0,1,1100.0
25,2.0,105,3.0,1,1,1,1,0,0,1,1,1100.0
25,1.0,120,4.0,1,1,1,1,0,0,0,1,2400.0
25,1.0,100,4.0,1,1,1,1,0,1,0,1,1250.0
25,4.0,96,4.0,1,1,1,0,0,0,0,0,1400.0
25,2.0,146,4.0,1,1,1,0,0,0,0,0,1250.0
25,1.0,103,3.0,1,1,1,0,0,0,0,1,1300.0
25,1.0,126,3.0,1,1,1,0,0,0,0,0,1200.0
25,1.0,90,4.0,1,1,1,1,0,0,0,0,1650.0
25,2.0,145,4.0,1,1,1,1,0,1,0,1,1000.0
25,2.0,100,3.0,1,1,1,1,0,1,0,1,1200.0
25,3.0,100,3.0,1,1,1,0,0,0,0,0,1850.0
25,2.0,170,4.0,1,1,1,1,0,1,0,1,1200.0
25,2.0,85,4.0,1,1,1,0,0,0,0,0,1500.0
25,5.0,90,5.0,1,1,1,1,0,0,0,0,1250.0
25,2.0,75,3.0,1,1,1,0,0,1,1,0,1280.0
25,4.0,130,3.0,1,1,1,1,0,1,0,1,1300.0
25,5.0,95,4.0,1,1,1,1,0,1,0,0,1500.0
25,1.0,180,4.0,1,1,1,1,0,1,0,1,1300.0
25,4.0,90,4.0,1,1,1,1,0,1,1,0,1450.0
25,4.0,90,3.0,1,1,1,0,0,0,0,0,1100.0
25,2.0,86,4.0,1,1,1,1,0,1,0,0,1200.0
25,1.0,120,4.0,0,0,0,1,0,1,0,0,1000.0
25,4.0,180,4.0,1,1,1,0,0,0,0,1,1400.0
25,2.0,70,2.0,0,0,0,0,0,0,0,0,1270.0
25,5.0,146,5.0,1,0,1,1,0,0,0,1,1300.0
25,2.0,125,4.0,1,1,1,1,0,1,0,0,1500.0
25,2.0,90,4.0,1,1,1,0,0,0,0,0,2000.0
25,4.0,90,4.0,1,1,1,1,0,1,0,0,1200.0
25,1.0,180,5.0,1,1,1,0,0,0,0,0,1500.0
25,3.0,95,4.0,1,1,1,1,0,1,0,0,1390.0
25,4.0,124,4.0,1,1,1,1,0,0,0,1,1200.0
25,2.0,220,4.0,1,1,1,0,0,0,0,1,2250.0
25,2.0,80,4.0,1,1,1,1,0,0,0,0,1100.0
25,2.0,85,4.0,0,0,0,0,0,0,0,0,1400.0
25,2.0,90,4.0,1,1,1,1,0,1,0,0,1800.0
25,1.0,135,4.0,1,1,1,1,0,0,0,0,1100.0
25,1.0,87,3.0,1,1,1,1,0,1,0,1,1300.0
25,2.0,185,5.0,1,1,1,1,1,1,0,1,1100.0
25,4.0,83,4.0,0,0,0,1,0,1,0,0,1400.0
25,3.0,125,4.0,1,1,1,1,1,1,1,1,2000.0
25,2.0,74,3.0,1,1,1,0,0,0,0,0,1650.0
25,4.0,86,4.0,1,1,1,1,0,0,0,0,1300.0
25,2.0,150,5.0,1,1,1,0,0,0,0,1,1600.0
25,2.0,220,5.0,1,1,1,1,0,1,0,1,2150.0
25,1.0,200,5.0,1,1,1,1,1,1,1,1,1200.0
25,4.0,160,3.0,1,1,1,1,0,1,0,1,1200.0
25,4.0,80,3.0,1,1,1,1,0,1,0,0,1300.0
25,1.0,115,4.0,1,1,1,1,0,1,0,1,1000.0
25,5.0,120,4.0,1,1,1,1,0,1,0,1,2300.0
25,3.0,135,4.0,1,1,1,1,0,1,0,0,1350.0
25,1.0,103,3.0,1,1,1,1,0,1,0,0,1100.0
25,3.0,100,3.0,1,1,1,1,0,1,0,1,1000.0
25,3.0,120,4.0,0,0,0,1,0,1,0,0,1550.0
25,4.0,127,4.0,1,1,1,1,0,1,0,0,1200.0
25,4.0,100,3.0,1,1,1,1,0,1,0,0,1350.0
25,4.0,85,4.0,0,0,0,0,0,0,0,0,1400.0
25,4.0,80,3.0,1,1,1,1,0,1,0,0,1700.0
25,1.0,85,4.0,0,0,0,0,0,0,0,0,1350.0
25,7.0,118,4.0,1,1,1,1,0,0,0,1,1700.0
25,4.0,127,4.0,1,1,1,1,1,1,0,1,1400.0
25,1.0,110,4.0,1,1,1,1,0,1,0,1,1400.0
25,2.0,100,4.0,1,1,1,1,0,1,0,0,1200.0
25,4.0,250,4.0,1,1,1,0,0,0,0,1,1430.0
25,1.0,105,3.0,1,1,1,0,0,0,0,1,1200.0
25,1.0,85,3.0,1,1,1,1,0,1,0,0,1600.0
25,1.0,145,4.0,1,1,1,1,1,1,1,1,1000.0
25,1.0,85,3.0,1,1,1,0,0,0,0,0,1200.0
25,3.0,76,3.0,1,1,1,1,0,0,0,0,1200.0
25,3.0,100,5.0,1,1,1,1,1,1,0,1,2100.0
25,3.0,103,3.0,1,1,1,1,0,1,0,1,1700.0
25,4.0,120,4.0,1,1,1,0,1,0,0,1,2000.0
25,1.0,150,4.0,1,1,1,0,0,0,1,1,1300.0
25,1.0,105,3.0,0,0,0,1,0,1,0,0,1250.0
25,4.0,98,4.0,1,1,1,1,0,1,1,1,1300.0
25,1.0,87,3.0,1,1,1,1,1,1,0,1,1800.0
25,1.0,100,4.0,0,0,0,1,0,0,0,0,1600.0
25,4.0,90,4.0,0,0,0,0,0,0,0,0,1500.0
25,4.0,130,4.0,0,0,0,1,0,0,0,0,2300.0
25,8.0,162,5.0,1,1,1,1,0,1,0,1,2700.0
25,1.0,122,4.0,1,1,1,0,0,0,0,1,1100.0
25,1.0,75,3.0,0,0,0,0,0,0,0,0,1100.0
25,1.0,130,4.0,1,1,1,0,0,0,0,1,2200.0
25,1.0,140,5.0,1,1,1,0,1,0,0,0,2300.0
25,1.0,132,4.0,1,1,1,0,0,0,0,1,2300.0
25,3.0,80,3.0,1,1,1,0,0,0,0,0,1700.0
25,4.0,140,4.0,1,1,1,0,0,0,0,1,2100.0
25,2.0,135,4.0,1,1,1,0,0,0,1,1,1900.0
25,1.0,122,4.0,1,1,1,0,0,0,0,1,1750.0
25,2.0,90,4.0,1,1,1,0,0,0,0,1,2000.0
25,2.0,132,4.0,1,1,1,0,0,0,0,1,2000.0
25,2.0,82,3.0,0,0,0,0,0,0,0,0,1800.0
25,1.0,90,4.0,1,1,1,0,0,0,0,0,2100.0
25,3.0,90,4.0,0,0,0,0,0,0,0,0,2200.0
25,4.0,98,4.0,1,1,1,0,0,0,0,0,2300.0
25,2.0,108,4.0,1,1,1,0,0,0,1,1,2000.0
25,2.0,90,4.0,1,1,1,0,0,0,0,0,1400.0
25,1.0,140,4.0,1,1,1,0,0,0,0,1,2400.0
25,3.0,125,4.0,1,1,1,0,0,0,1,1,2450.0
25,5.0,170,5.0,1,1,1,0,0,0,0,0,2800.0
25,2.0,120,4.0,1,1,1,0,0,0,0,1,1750.0
26,3.0,100,4.0,1,1,1,1,0,0,0,0,1550.0
26,1.0,120,4.0,1,1,1,0,1,0,0,0,2200.0
26,1.0,105,4.0,1,1,1,0,0,0,0,0,1200.0
26,4.0,105,4.0,1,1,1,1,0,0,0,0,1600.0
26,2.0,81,4.0,1,1,1,1,0,0,0,0,1300.0
26,2.0,70,3.0,1,1,1,1,0,0,0,0,1380.0
26,2.0,174,4.0,0,0,0,0,0,0,0,0,1900.0
26,2.0,106,4.0,1,1,1,0,0,0,0,1,1100.0
26,2.0,145,4.0,1,1,1,1,0,0,0,0,1200.0
26,4.0,85,4.0,1,1,1,1,0,0,0,0,1200.0
26,1.0,80,3.0,1,0,1,0,1,0,0,0,1600.0
26,3.0,80,3.0,1,1,1,1,0,0,0,0,1250.0
26,2.0,82,4.0,1,1,1,0,0,0,0,0,1850.0
26,2.0,68,3.0,1,1,1,1,0,0,0,0,1300.0
26,2.0,100,4.0,1,1,1,1,0,0,0,1,1250.0
26,5.0,100,4.0,1,1,1,1,0,1,0,0,1600.0
26,8.0,100,4.0,1,1,1,1,0,0,0,0,2200.0
26,2.0,89,4.0,1,1,1,0,0,0,1,1,1700.0
26,1.0,65,3.0,1,1,1,1,0,0,0,1,1750.0
26,3.0,70,3.0,1,1,1,0,0,0,0,0,1200.0
26,1.0,90,3.0,1,1,1,0,0,0,1,1,1400.0
26,1.0,80,3.0,1,1,1,1,1,0,0,0,1300.0
26,2.0,98,4.0,0,0,0,0,0,0,0,0,1200.0
26,1.0,70,3.0,1,1,1,0,1,0,0,0,1500.0
26,1.0,77,3.0,1,1,1,0,0,0,0,0,1700.0
26,2.0,112,4.0,1,1,1,1,0,0,0,1,1600.0
26,5.0,113,5.0,1,1,1,0,1,0,1,1,1200.0
26,2.0,131,5.0,1,1,1,1,0,0,0,1,1850.0
26,1.0,126,4.0,1,1,1,0,0,0,0,0,1000.0
26,9.0,85,4.0,1,1,1,0,0,0,0,0,1700.0
26,1.0,102,3.0,1,1,1,1,0,1,0,1,1700.0
26,3.0,117,5.0,1,1,1,0,1,0,0,0,1100.0
26,4.0,117,4.0,0,0,0,0,0,0,0,0,1800.0
26,1.0,70,3.0,1,1,1,0,0,0,0,0,1000.0
26,1.0,77,3.0,1,1,1,0,0,0,0,0,1600.0
26,4.0,105,5.0,1,1,1,0,0,0,0,0,1200.0
26,3.0,105,4.0,1,1,1,0,0,0,0,0,2000.0
26,2.0,165,4.0,1,1,1,0,0,0,1,1,1500.0
26,3.0,77,3.0,1,1,1,0,0,0,0,0,1400.0
26,4.0,105,4.0,1,1,1,0,0,0,0,0,1900.0
26,2.0,70,3.0,1,1,1,0,0,0,0,0,1120.0
27,1.0,100,3.0,0,0,0,1,0,1,0,0,1500.0
27,3.0,125,4.0,1,1,1,1,0,0,0,0,1350.0
27,1.0,110,3.0,1,1,1,1,0,1,0,0,1400.0
27,4.0,140,4.0,1,1,1,0,0,1,0,0,1300.0
27,1.0,120,4.0,1,1,1,1,1,1,0,1,2200.0
27,1.0,85,3.0,1,1,1,0,0,0,0,1,1500.0
27,2.0,132,4.0,1,1,1,1,0,1,0,1,1300.0
27,1.0,115,3.0,1,1,1,0,0,0,0,0,1500.0
27,1.0,81,3.0,1,1,1,1,0,1,0,1,1520.0
27,11.0,98,3.0,1,1,1,1,1,1,0,1,1200.0
27,1.0,140,3.0,1,1,1,0,1,0,0,1,1400.0
27,3.0,142,4.0,1,1,1,1,1,1,0,1,1250.0
27,2.0,107,3.0,1,1,1,1,1,1,0,1,1700.0
27,2.0,70,2.0,1,1,1,0,0,0,1,1,1000.0
27,2.0,79,3.0,1,1,1,1,0,0,0,0,1400.0
27,2.0,127,4.0,1,1,1,1,0,1,0,1,1250.0
27,3.0,200,5.0,1,1,1,1,1,1,0,1,1400.0
27,1.0,82,3.0,1,1,1,1,0,1,0,1,1550.0
27,3.0,73,3.0,1,1,1,0,0,0,0,0,1450.0
27,4.0,220,6.0,1,1,1,1,1,1,1,1,1500.0
27,2.0,99,3.0,1,1,1,0,0,0,0,0,1350.0
27,4.0,72,3.0,1,1,1,1,0,0,0,0,1000.0
27,1.0,80,3.0,1,1,1,0,0,0,0,1,1000.0
27,2.0,134,4.0,1,1,1,1,1,1,1,1,1750.0
27,1.0,110,3.0,1,1,1,0,0,0,0,1,1200.0
27,3.0,128,4.0,1,1,1,0,0,0,0,1,1700.0
27,2.0,180,5.0,1,1,1,1,0,1,0,1,2000.0
27,4.0,125,4.0,1,1,1,1,1,1,0,0,1900.0
27,4.0,132,4.0,1,1,1,1,1,1,0,1,2300.0
27,2.0,110,4.0,0,1,1,0,0,0,0,0,2400.0
27,6.0,118,3.0,1,1,1,1,1,1,0,0,1450.0
27,1.0,132,4.0,1,1,1,1,0,1,0,1,2000.0
27,3.0,140,4.0,1,1,1,1,0,1,0,1,2250.0
27,1.0,120,4.0,0,0,0,0,0,0,0,0,2200.0
27,4.0,130,3.0,1,1,1,1,0,1,0,1,1400.0
27,2.0,127,4.0,0,0,0,1,0,1,0,1,2400.0
27,1.0,95,3.0,1,1,1,0,0,0,0,1,1400.0
27,4.0,120,4.0,1,1,1,0,0,0,0,0,2300.0
27,1.0,121,4.0,1,1,1,1,0,1,0,1,1750.0
27,1.0,140,4.0,1,1,1,1,0,1,0,1,1500.0
27,1.0,130,4.0,0,0,0,1,0,1,0,0,2200.0
27,3.0,100,5.0,1,1,1,1,0,1,0,0,1900.0
27,2.0,127,4.0,1,1,1,1,0,1,0,0,1800.0
27,1.0,79,3.0,1,1,1,1,1,0,0,0,1600.0
27,2.0,120,4.0,1,1,1,0,0,0,0,1,1700.0
27,2.0,80,3.0,1,1,1,1,1,1,1,1,1600.0
27,2.0,99,3.0,1,1,1,0,0,0,0,0,1770.0
27,2.0,200,5.0,1,1,1,0,1,0,0,1,1700.0
27,3.0,200,5.0,1,1,1,1,0,1,1,1,2600.0
27,1.0,100,3.0,1,1,0,0,0,0,0,1,1400.0
27,5.0,67,3.0,1,1,1,1,0,0,0,0,1100.0
27,1.0,132,4.0,1,1,1,1,0,1,0,1,1700.0
27,1.0,118,4.0,0,0,0,0,0,0,0,0,2200.0
27,4.0,176,5.0,1,1,1,1,0,1,0,0,1400.0
27,5.0,246,8.0,1,1,1,0,0,0,0,0,2500.0
27,5.0,140,5.0,1,1,1,0,0,0,0,0,1400.0
27,2.0,195,6.0,0,0,0,0,0,0,0,0,1350.0
27,2.0,80,3.0,1,1,1,0,0,0,0,0,1620.0
27,1.0,120,4.0,1,1,1,0,0,0,0,1,2200.0
27,1.0,100,4.0,0,0,0,0,0,0,0,1,1800.0
27,3.0,87,4.0,1,1,1,1,0,0,0,0,1350.0
27,1.0,125,4.0,0,0,0,0,0,0,0,0,1100.0
27,3.0,122,4.0,1,1,1,1,0,1,0,1,2400.0
27,4.0,95,4.0,1,1,1,1,0,0,0,1,1800.0
27,1.0,95,3.0,1,1,1,0,1,0,0,1,1550.0
27,3.0,120,5.0,1,1,1,0,0,0,0,0,2500.0
27,3.0,135,5.0,1,1,1,1,0,1,0,0,1200.0
27,1.0,110,5.0,1,1,1,0,0,0,0,0,2300.0
27,1.0,68,3.0,1,1,1,0,0,0,0,0,1800.0
27,2.0,200,5.0,1,1,1,0,0,0,0,1,2900.0
27,4.0,160,4.0,1,1,1,1,0,0,0,1,1750.0
27,4.0,125,4.0,1,0,1,1,0,0,0,0,2100.0
27,2.0,125,4.0,1,1,1,0,0,0,0,1,2000.0
27,4.0,89,3.0,1,1,1,1,0,0,0,1,1500.0
27,3.0,67,3.0,1,1,1,1,0,0,0,0,1800.0
27,1.0,120,4.0,1,1,1,1,0,1,0,0,1650.0
27,1.0,90,4.0,1,1,1,1,0,0,0,0,1900.0
27,6.0,227,7.0,1,1,1,0,0,0,0,0,2500.0
27,3.0,80,3.0,1,1,1,1,0,0,0,0,1800.0
27,1.0,115,4.0,1,1,1,1,0,0,0,1,1800.0
27,5.0,228,7.0,1,1,1,1,0,1,0,0,1500.0
27,3.0,155,5.0,0,0,0,0,0,0,0,0,2500.0
27,2.0,95,3.0,1,1,1,0,0,0,0,1,1800.0
27,2.0,118,4.0,0,0,0,1,0,1,0,1,2000.0
27,1.0,135,4.0,1,1,1,0,0,0,0,1,2200.0
27,3.0,190,4.0,1,1,1,0,0,0,0,1,1900.0
27,4.0,137,4.0,1,1,1,0,0,0,0,1,1900.0
27,1.0,156,5.0,1,1,1,1,1,0,0,1,2200.0
27,4.0,135,4.0,1,1,1,1,0,0,0,1,2000.0
27,3.0,116,4.0,1,1,1,0,0,0,0,0,1300.0
27,1.0,75,3.0,1,1,1,0,0,0,0,0,1800.0
27,1.0,88,3.0,1,1,1,0,0,0,0,1,1300.0
27,5.0,138,4.0,1,1,1,1,1,1,0,1,1400.0
27,1.0,145,3.0,1,1,1,0,0,0,0,1,1150.0
27,1.0,200,4.0,0,0,0,0,0,0,0,0,1200.0
27,2.0,95,3.0,1,1,1,0,0,0,0,0,1150.0
27,1.0,135,4.0,0,0,0,0,0,0,0,0,1300.0
27,5.0,250,8.0,1,1,1,0,0,0,0,0,1930.0
27,3.0,72,3.0,1,1,1,1,0,1,0,0,1000.0
27,2.0,120,4.0,1,1,1,0,0,0,0,1,1800.0
27,5.0,78,3.0,1,1,1,1,0,0,0,0,1550.0
27,5.0,150,5.0,1,1,1,0,0,0,0,0,2250.0
27,1.0,127,4.0,1,1,1,0,1,0,0,1,1145.0
27,1.0,100,4.0,1,1,1,0,0,0,1,1,1700.0
27,1.0,86,3.0,0,0,0,0,0,0,0,0,1400.0
27,4.0,98,4.0,1,1,1,1,0,1,0,0,1550.0
27,2.0,120,4.0,1,1,1,0,1,0,0,1,2400.0
27,5.0,127,4.0,1,1,1,1,1,0,0,1,1300.0
27,2.0,106,4.0,1,1,1,0,0,0,0,1,1600.0
27,5.0,70,3.0,1,1,1,0,0,0,0,0,1550.0
27,1.0,135,3.0,1,1,1,0,0,0,0,1,1750.0
27,1.0,80,3.0,1,1,1,1,0,0,0,0,1450.0
27,2.0,150,5.0,1,1,1,0,1,0,0,0,1880.0
27,4.0,79,3.0,1,1,1,1,0,0,0,0,1300.0
27,3.0,138,5.0,1,1,1,0,0,0,0,0,1000.0
27,3.0,120,4.0,1,1,1,0,0,0,0,0,1500.0
27,7.0,100,4.0,1,1,1,0,0,1,0,0,1550.0
27,1.0,152,4.0,0,0,0,0,0,0,0,0,1200.0
27,2.0,75,3.0,1,1,1,0,0,0,0,1,1650.0
27,1.0,116,4.0,1,1,1,0,0,0,0,0,1500.0
27,1.0,85,3.0,1,1,1,1,0,1,0,1,1150.0
27,1.0,117,4.0,1,1,0,0,0,0,0,1,1600.0
27,1.0,108,4.0,1,1,1,0,0,0,0,0,1250.0
27,2.0,98,4.0,1,1,1,0,0,0,0,1,1200.0
27,3.0,110,3.0,1,1,1,0,0,0,0,1,1200.0
27,3.0,78,3.0,1,1,1,0,0,0,0,0,1000.0
27,3.0,116,4.0,1,1,1,0,0,0,0,1,1250.0
27,2.0,120,4.0,1,1,1,0,0,0,0,1,1400.0
27,5.0,110,4.0,1,1,1,0,0,0,0,1,1400.0
27,2.0,99,4.0,1,1,1,0,1,0,0,1,1050.0
27,2.0,101,3.0,1,1,1,0,0,0,0,1,1100.0
27,2.0,86,4.0,1,1,1,0,0,0,0,0,1600.0
27,5.0,95,4.0,1,1,1,0,0,0,0,0,1200.0
27,3.0,110,4.0,1,1,1,0,0,0,0,0,2300.0
27,3.0,75,3.0,1,1,1,0,0,0,0,0,1200.0
27,4.0,109,3.0,1,1,1,0,0,0,0,1,1610.0
28,2.0,97,3.0,1,1,1,0,0,0,0,0,1550.0
28,1.0,100,3.0,1,1,1,1,0,1,0,0,1530.0
28,1.0,126,5.0,1,1,1,1,0,1,0,1,1700.0
28,1.0,160,4.0,1,1,1,1,1,1,0,1,2000.0
28,1.0,137,4.0,1,1,1,1,0,0,0,1,1600.0
28,3.0,97,3.0,1,1,1,0,0,0,0,0,1600.0
28,1.0,100,4.0,1,1,1,0,0,0,0,0,2000.0
28,4.0,75,3.0,1,1,1,1,0,0,0,0,1700.0
28,4.0,74,3.0,1,1,1,1,0,1,0,0,1600.0
28,2.0,114,4.0,1,1,1,1,0,1,0,1,1400.0
28,4.0,150,4.0,1,1,1,0,0,0,0,1,1200.0
28,3.0,184,4.0,1,1,1,0,0,0,0,0,1600.0
28,2.0,114,3.0,1,1,1,1,0,1,0,1,1800.0
28,1.0,162,4.0,0,0,0,1,0,1,0,0,1250.0
28,6.0,90,3.0,1,1,1,1,0,1,0,0,1780.0
28,5.0,120,4.0,0,0,0,1,0,1,0,0,1100.0
28,6.0,105,3.0,1,1,1,1,0,0,0,0,1700.0
28,1.0,105,4.0,1,1,1,1,0,1,1,0,1200.0
28,9.0,186,5.0,1,1,1,1,0,1,0,0,1230.0
28,3.0,110,4.0,1,1,1,1,0,1,0,0,1450.0
28,4.0,73,3.0,1,1,1,1,0,0,0,0,1100.0
28,4.0,148,5.0,1,1,1,1,1,0,1,1,1000.0
28,1.0,116,4.0,1,1,1,0,0,0,0,1,1200.0
28,4.0,92,4.0,1,1,1,0,0,0,0,0,1500.0
28,1.0,115,4.0,1,1,1,1,0,1,1,0,2300.0
28,1.0,100,3.0,0,0,0,1,0,1,0,0,1400.0
28,6.0,82,3.0,1,1,1,1,0,0,0,0,1250.0
28,2.0,112,4.0,1,1,1,1,1,1,0,0,1100.0
